,Unnamed: 0_x,employee_id,title,last,first,manager_id,function,department,location,age,sex,ethnicity,employment_status,tenure,tenure_id,seniority,alignment,development,enablement,engagement,leadership,overall,Unnamed: 0_y,year_of_birth,time_on_the_job
0,0,343,CEO,Duran,Veronica,,CEO,Leadership,"Mountain View, CA",35 - 44,F,hispanic,Full time,1 to less than 2 years,2,4,0.8,0.666666667,0.733333333,0.68,0.733333333,0.722666667,0,1978,22.8852459
1,1,203,Administrative Assistant,Thompson,Anne,343,CEO,Leadership,"Mountain View, CA",45 - 54,F,white,Full time,2 to less than 4 years,3,0,0.8,0.933333333,0.933333333,0.8,0.866666667,0.866666667,1,1976,37.96721311
2,2,11,VP Engineering,Xiong,Steven,343,CEO,Engineering,"Mountain View, CA",35 - 44,M,asian,Full time,4 to less than 6 years,4,3,0.933333333,0.866666667,1,0.84,1,0.928,2,1983,70.36065574
3,3,707,Administrative Assistant,Sanchez,Carolyn,11,CEO,Engineering,"Mountain View, CA",45 - 54,F,hispanic,Full time,less than 6 months,0,0,0.733333333,0.8,0.666666667,0.76,0.466666667,0.685333333,3,1970,4.163934426
4,4,417,Chief Technology Officer,Deleon,Amanda,343,CEO,Advanced Technology,"Mountain View, CA",35 - 44,F,asian,Full time,1 to less than 2 years,2,2,0.933333333,0.533333333,0.733333333,0.8,0.866666667,0.773333333,4,1977,19.54098361
5,5,484,Administrative Assistant,Vang,Portia,417,CEO,Advanced Technology,"Mountain View, CA",25 - 34,F,asian,Full time,1 to less than 2 years,2,0,0.666666667,0.733333333,0.8,0.76,0.8,0.752,5,1989,16.45901639
6,6,18,VP of Loan Operations,Myers,Tamara,343,CEO,Loan Operations,"New York, NY",45 - 54,F,white,Full time,4 to less than 6 years,4,3,1,0.866666667,1,0.88,1,0.949333333,6,1975,69.08196721
7,7,737,Administrative Assistant,Jones,Kathleen,18,CEO,Loan Operations,"New York, NY",25 - 34,F,mixed_race,Full time,less than 6 months,0,0,0.666666667,0.666666667,0.533333333,0.68,0.6,0.629333333,7,1992,1.672131148
8,8,736,Chief Financial Officer,Anderson,Kevin,343,CEO,Finance & Admin,"Mountain View, CA",55 - 64,M,white,Full time,less than 6 months,0,2,0.666666667,0.6,0.8,0.8,0.933333333,0.76,8,1962,1.770491803
9,9,696,Administrative Assistant,Lopez,Judith,736,CEO,Finance & Admin,"Mountain View, CA",25 - 34,F,hispanic,Full time,less than 6 months,0,0,0.733333333,0.666666667,0.666666667,0.68,0.8,0.709333333,9,1987,4.950819672
10,10,70,VP of Marketing,Mitchell,Douglas,343,CEO,Marketing,"New York, NY",45 - 54,M,white,Full time,4 to less than 6 years,4,3,0.866666667,0.866666667,0.933333333,0.8,0.933333333,0.88,10,1973,56.72131148
11,11,508,Administrative Assistant,Stevenson,Georgia,70,CEO,Marketing,"New York, NY",25 - 34,F,white,Full time,1 to less than 2 years,2,0,0.666666667,0.6,0.6,0.76,0.8,0.685333333,11,1996,15.57377049
12,12,82,VP of Product,Moon,John,343,CEO,Product,"Mountain View, CA",45 - 54,M,asian,Full time,4 to less than 6 years,4,3,0.866666667,0.866666667,0.733333333,0.84,1,0.861333333,12,1975,53.80327869
13,13,388,Administrative Assistant,Ryan,Kayla,82,CEO,Product,"Mountain View, CA",25 - 34,F,white,Full time,1 to less than 2 years,2,0,0.666666667,0.666666667,0.866666667,0.8,0.866666667,0.773333333,13,1989,20.68852459
14,14,225,VP of Lender Relations,Wang,Michael,343,CEO,Loan Operations,"New York, NY",35 - 44,M,asian,Full time,2 to less than 4 years,3,3,0.866666667,0.6,0.8,0.8,0.933333333,0.8,14,1979,35.44262295
15,15,45,Administrative Assistant,Rice,Elisha,225,CEO,Loan Operations,"New York, NY",35 - 44,F,white,Full time,4 to less than 6 years,4,0,0.933333333,0.866666667,0.933333333,0.88,0.8,0.882666667,15,1979,63.3442623
16,16,260,Chief Compliance Officer,Sanders,Cortney,343,CEO,Compliance,"Mountain View, CA",35 - 44,M,white,Full time,2 to less than 4 years,3,2,0.8,0.733333333,0.866666667,0.8,0.933333333,0.826666667,16,1979,30.49180328
17,17,454,Administrative Assistant,Howard,Victoria,260,CEO,Compliance,"Mountain View, CA",65+,F,african_american,Full time,1 to less than 2 years,2,0,0.733333333,0.4,0.6,0.72,0.6,0.610666667,17,1956,17.86885246
18,18,68,Director of Engineering,Liu,Dakota,11,Engineering,Back End,"Mountain View, CA",25 - 34,M,asian,Full time,4 to less than 6 years,4,2,0.866666667,0.866666667,0.8,0.88,0.866666667,0.856,18,1992,57.24590164
19,19,14,Engineer,Nguyen,Terri,68,Engineering,Back End,"Mountain View, CA",45 - 54,F,asian,Full time,4 to less than 6 years,4,0,0.866666667,0.733333333,1,0.8,0.933333333,0.866666667,19,1971,69.80327869
20,20,326,Director of Engineering,Chan,Robert,11,Engineering,Algorithm Development,"Mountain View, CA",35 - 44,M,asian,Full time,1 to less than 2 years,2,2,0.733333333,0.666666667,0.8,0.8,0.866666667,0.773333333,20,1978,23.7704918
21,21,149,Director of Engineering,Carroll,Sean,11,Engineering,Front End,"Mountain View, CA",45 - 54,M,white,Full time,2 to less than 4 years,3,2,0.866666667,0.666666667,0.866666667,0.84,1,0.848,21,1974,45.40983607
22,22,465,Engineer,Jones,Nathan,149,Engineering,Front End,"Mountain View, CA",18 - 24,M,white,Full time,1 to less than 2 years,2,0,0.666666667,0.733333333,0.733333333,0.8,0.933333333,0.773333333,22,2002,17.50819672
23,23,580,Director of Engineering,Truong,Iesha,11,Engineering,Security,"Mountain View, CA",45 - 54,F,asian,Full time,1 to less than 2 years,2,2,0.8,0.666666667,0.933333333,0.8,0.8,0.8,23,1976,12.42622951
24,24,366,Director of Engineering,Santos,Morgan,11,Engineering,Full Stack,"Mountain View, CA",35 - 44,M,asian,Full time,1 to less than 2 years,2,2,0.8,0.666666667,0.8,0.84,0.866666667,0.794666667,24,1981,21.40983607
25,25,455,Engineer,Lin,Taylor,366,Engineering,Full Stack,"Mountain View, CA",25 - 34,F,asian,Full time,1 to less than 2 years,2,0,0.8,0.666666667,0.666666667,0.76,0.866666667,0.752,25,1993,17.86885246
26,26,445,Chief Engineer,Davis,Jesse,366,Engineering,Full Stack,"Mountain View, CA",35 - 44,M,white,Full time,1 to less than 2 years,2,2,0.8,0.533333333,0.8,0.84,0.866666667,0.768,26,1984,18.49180328
27,27,206,Engineer,Castillo,Jason,366,Engineering,Full Stack,"Mountain View, CA",45 - 54,M,mixed_race,Full time,2 to less than 4 years,3,0,0.866666667,0.733333333,0.733333333,0.8,0.733333333,0.773333333,27,1974,37.93442623
28,28,288,Chief Engineer,Lewis,David,366,Engineering,Full Stack,"Mountain View, CA",25 - 34,M,white,Full time,2 to less than 4 years,3,2,0.866666667,0.533333333,0.8,0.88,0.866666667,0.789333333,28,1995,26.75409836
29,29,583,Engineer,Young,Brian,366,Engineering,Full Stack,"Mountain View, CA",35 - 44,M,white,Full time,1 to less than 2 years,2,0,0.666666667,0.733333333,0.8,0.84,1,0.808,29,1984,12.39344262
30,30,419,Engineer,Hunt,Tanner,366,Engineering,Full Stack,"Mountain View, CA",25 - 34,M,white,Full time,1 to less than 2 years,2,0,0.666666667,0.666666667,0.8,0.88,0.866666667,0.776,30,1988,19.37704918
31,31,482,Senior Engineer,Padilla,Leonard,366,Engineering,Full Stack,"Mountain View, CA",35 - 44,M,mixed_race,Full time,1 to less than 2 years,2,1,0.6,0.733333333,0.733333333,0.72,0.733333333,0.704,31,1981,16.81967213
32,32,210,Senior Engineer,Mercado,Patrick,366,Engineering,Full Stack,"Mountain View, CA",35 - 44,M,hispanic,Part time,2 to less than 4 years,3,1,0.866666667,0.6,0.733333333,0.8,0.733333333,0.746666667,32,1985,37.3442623
33,33,246,Chief Architect,Meyer,Michael,417,Advanced Technology,Product Architechture,"Mountain View, CA",35 - 44,M,white,Full time,2 to less than 4 years,3,2,0.733333333,0.666666667,1,0.84,1,0.848,33,1981,31.86885246
34,34,730,Product Architect,Foster,Kristopher,246,Advanced Technology,Product Architechture,"Mountain View, CA",25 - 34,M,mixed_race,Full time,less than 6 months,0,0,0.666666667,0.866666667,0.733333333,0.72,0.666666667,0.730666667,34,1994,2.131147541
35,35,735,Product Architect,Johnson,John,246,Advanced Technology,Product Architechture,"Mountain View, CA",45 - 54,M,white,Part time,less than 6 months,0,0,0.666666667,0.466666667,0.8,0.84,0.933333333,0.741333333,35,1969,1.868852459
36,36,109,Product Architect,Tran,Terry,246,Advanced Technology,Product Architechture,"Mountain View, CA",45 - 54,M,asian,Full time,4 to less than 6 years,4,0,0.866666667,0.8,0.733333333,0.8,0.866666667,0.813333333,36,1972,48.98360656
37,37,578,Senior Product Architect,Kim,Robert,246,Advanced Technology,Product Architechture,"Mountain View, CA",35 - 44,M,asian,Part time,1 to less than 2 years,2,1,0.6,0.666666667,0.8,0.84,0.866666667,0.754666667,37,1977,12.52459016
38,38,125,Product Architect,Moon,Patrick,246,Advanced Technology,Product Architechture,"Mountain View, CA",35 - 44,M,asian,Full time,2 to less than 4 years,3,0,0.733333333,0.733333333,0.8,0.8,0.866666667,0.786666667,38,1983,47.3442623
39,39,528,Senior Product Architect,Joseph,Katrina,246,Advanced Technology,Product Architechture,"Mountain View, CA",55 - 64,F,asian,Full time,1 to less than 2 years,2,1,0.8,0.666666667,0.733333333,0.76,0.733333333,0.738666667,39,1965,14.95081967
40,40,594,Product Architect,Singh,Emmanuel,246,Advanced Technology,Product Architechture,"Mountain View, CA",25 - 34,M,asian,Full time,6 months to less than 1 year,1,0,0.666666667,0.666666667,0.866666667,0.76,0.866666667,0.765333333,40,1989,11.83606557
41,41,600,Director of VA Loans,Hernandez,Isaac,18,Loan Operations,VA Loans,"New York, NY",45 - 54,M,mixed_race,Full time,6 months to less than 1 year,1,2,0.733333333,0.8,0.533333333,0.72,0.8,0.717333333,41,1973,11.54098361
42,42,316,Loan Officer,Garcia,Kelley,600,Loan Operations,VA Loans,"New York, NY",45 - 54,F,hispanic,Part time,2 to less than 4 years,3,0,0.733333333,0.466666667,0.533333333,0.72,0.666666667,0.624,43,1968,24.09836066
43,43,105,Loan Officer,Adams,Sheila,600,Loan Operations,VA Loans,"New York, NY",45 - 54,F,african_american,Full time,4 to less than 6 years,4,0,0.933333333,0.733333333,0.666666667,0.64,0.8,0.754666667,44,1976,49.40983607
44,44,154,Loan Officer,Acosta,Patrick,600,Loan Operations,VA Loans,"New York, NY",45 - 54,M,hispanic,Part time,2 to less than 4 years,3,0,0.733333333,0.733333333,0.733333333,0.68,0.666666667,0.709333333,46,1970,45.01639344
45,45,335,Director of FHA Loans,Cook,Noel,18,Loan Operations,FHA Loans,"New York, NY",18 - 24,M,african_american,Part time,1 to less than 2 years,2,2,0.866666667,0.666666667,0.6,0.72,0.733333333,0.717333333,47,2000,23.14754098
46,46,593,Loan Officer,Nguyen,Brian,335,Loan Operations,FHA Loans,"New York, NY",35 - 44,M,asian,Full time,1 to less than 2 years,2,0,0.733333333,0.666666667,0.533333333,0.68,0.733333333,0.669333333,48,1983,12.16393443
47,47,304,Loan Officer,Wilson,Mariah,335,Loan Operations,FHA Loans,"New York, NY",25 - 34,F,white,Part time,2 to less than 4 years,3,0,0.8,0.666666667,0.733333333,0.76,0.866666667,0.765333333,49,1996,24.78688525
48,48,588,Senior Loan Officer,Rhodes,Anny,335,Loan Operations,FHA Loans,"New York, NY",35 - 44,F,white,Part time,1 to less than 2 years,2,1,0.866666667,0.333333333,0.866666667,0.8,0.866666667,0.746666667,50,1985,12.32786885
49,49,373,Senior Loan Officer,Ross,Alex,335,Loan Operations,FHA Loans,"New York, NY",35 - 44,M,white,Full time,1 to less than 2 years,2,1,0.733333333,0.666666667,0.733333333,0.8,0.733333333,0.733333333,51,1977,21.1147541
50,50,144,Loan Officer,Jones,Michael,335,Loan Operations,FHA Loans,"New York, NY",18 - 24,M,white,Part time,2 to less than 4 years,3,0,0.733333333,0.466666667,0.866666667,0.8,1,0.773333333,52,1997,45.60655738
51,51,199,Senior Loan Officer,Allen,Timothy,335,Loan Operations,FHA Loans,"New York, NY",35 - 44,M,white,Full time,2 to less than 4 years,3,1,0.933333333,0.666666667,0.8,0.84,0.733333333,0.794666667,53,1984,38.2295082
52,52,710,Loan Officer,Garcia,Phyllis,335,Loan Operations,FHA Loans,"New York, NY",65+,F,hispanic,Full time,less than 6 months,0,0,0.733333333,0.6,0.466666667,0.68,0.533333333,0.602666667,54,1949,4.131147541
53,53,702,Loan Officer,Cole,Jeffrey,335,Loan Operations,FHA Loans,"New York, NY",45 - 54,M,african_american,Full time,less than 6 months,0,0,0.666666667,0.6,0.6,0.68,0.6,0.629333333,55,1975,4.754098361
54,54,669,Director of West Coast Region,Hoffman,Eric,18,Loan Operations,West Coast Lending,"Mountain View, CA",45 - 54,M,white,Part time,6 months to less than 1 year,1,2,0.8,0.666666667,0.8,0.88,0.933333333,0.816,56,1975,6.360655738
55,55,533,Loan Officer,Johnson,Matthew,669,Loan Operations,West Coast Lending,"Mountain View, CA",35 - 44,M,african_american,Full time,1 to less than 2 years,2,0,0.8,0.6,0.6,0.72,0.733333333,0.690666667,57,1977,14.78688525
56,56,398,Loan Officer,Hamilton,Jeremy,669,Loan Operations,West Coast Lending,"Mountain View, CA",35 - 44,M,white,Part time,1 to less than 2 years,2,0,0.733333333,0.6,0.733333333,0.8,0.933333333,0.76,58,1980,20.13114754
57,57,452,Loan Officer,Ali,Andrew,669,Loan Operations,West Coast Lending,"Mountain View, CA",35 - 44,M,mixed_race,Full time,1 to less than 2 years,2,0,0.733333333,0.666666667,0.666666667,0.68,0.666666667,0.682666667,59,1982,18.06557377
58,58,540,Loan Officer,Holmes,Sandra,669,Loan Operations,West Coast Lending,"Mountain View, CA",45 - 54,F,white,Part time,1 to less than 2 years,2,0,0.933333333,0.533333333,0.733333333,0.8,0.933333333,0.786666667,60,1975,14.09836066
59,59,255,Loan Officer,Berry,Gabriella,669,Loan Operations,West Coast Lending,"Mountain View, CA",18 - 24,F,white,Full time,2 to less than 4 years,3,0,0.733333333,0.6,0.733333333,0.84,0.933333333,0.768,61,1999,30.95081967
60,60,725,Loan Officer,Brown,Mary,669,Loan Operations,West Coast Lending,"Mountain View, CA",35 - 44,F,white,Part time,less than 6 months,0,0,0.733333333,0.6,0.8,0.84,0.866666667,0.768,62,1979,2.327868852
61,61,765,Loan Officer,Morrow,Karina,669,Loan Operations,West Coast Lending,"Mountain View, CA",35 - 44,F,white,Full time,less than 6 months,0,0,0.866666667,0.666666667,0.733333333,0.8,0.933333333,0.8,63,1981,0.196721311
62,62,91,Loan Officer,Ramirez,Malinda,669,Loan Operations,West Coast Lending,"Mountain View, CA",35 - 44,F,hispanic,Part time,4 to less than 6 years,4,0,0.933333333,0.733333333,0.8,0.76,0.866666667,0.818666667,64,1977,53.57377049
63,63,480,Loan Officer,Jackson,Jacob,669,Loan Operations,West Coast Lending,"Mountain View, CA",18 - 24,M,white,Full time,1 to less than 2 years,2,0,0.733333333,0.666666667,0.666666667,0.84,0.933333333,0.768,65,2002,16.85245902
64,64,201,Director of East Coast Region,Barnes,Adrienne,18,Loan Operations,East Coast Lending,"New York, NY",35 - 44,F,white,Part time,2 to less than 4 years,3,2,0.733333333,0.6,0.8,0.8,1,0.786666667,66,1986,38.16393443
65,65,538,Loan Officer,Arnold,Dustin,201,Loan Operations,East Coast Lending,"New York, NY",18 - 24,M,mixed_race,Full time,1 to less than 2 years,2,0,0.8,0.666666667,0.466666667,0.6,0.666666667,0.64,67,1997,14.36065574
66,66,243,Loan Officer,Barber,Celia,201,Loan Operations,East Coast Lending,"New York, NY",18 - 24,F,african_american,Full time,2 to less than 4 years,3,0,0.8,0.6,0.6,0.6,0.733333333,0.666666667,68,2002,32.75409836
67,67,221,Loan Officer,Williams,Sylvia,201,Loan Operations,East Coast Lending,"New York, NY",55 - 64,F,white,Part time,2 to less than 4 years,3,0,0.733333333,0.533333333,0.8,0.84,0.933333333,0.768,69,1960,35.7704918
68,68,50,Senior Loan Officer,Simon,Russell,201,Loan Operations,East Coast Lending,"New York, NY",35 - 44,M,white,Full time,4 to less than 6 years,4,1,0.8,0.933333333,0.933333333,0.8,1,0.893333333,70,1981,63.01639344
69,69,379,Senior Loan Officer,Lozano,Ronald,201,Loan Operations,East Coast Lending,"New York, NY",45 - 54,M,hispanic,Part time,1 to less than 2 years,2,1,0.6,0.666666667,0.6,0.68,0.533333333,0.616,71,1969,20.98360656
70,70,147,Loan Officer,Castillo,Allan,201,Loan Operations,East Coast Lending,"New York, NY",25 - 34,M,hispanic,Full time,2 to less than 4 years,3,0,0.866666667,0.733333333,0.533333333,0.68,0.666666667,0.696,72,1994,45.50819672
71,71,224,Loan Officer,Foster,Gabriel,201,Loan Operations,East Coast Lending,"New York, NY",25 - 34,M,white,Full time,2 to less than 4 years,3,0,0.8,0.733333333,0.733333333,0.76,0.733333333,0.752,73,1987,35.54098361
72,72,768,Loan Officer,Garcia,Jasmine,201,Loan Operations,East Coast Lending,"New York, NY",25 - 34,F,hispanic,Full time,less than 6 months,0,0,0.8,0.666666667,0.466666667,0.64,0.6,0.634666667,74,1993,0.098360656
73,73,10,Loan Officer,Scott,Iris,201,Loan Operations,East Coast Lending,"New York, NY",18 - 24,F,white,Full time,4 to less than 6 years,4,0,0.933333333,0.8,0.933333333,0.88,1,0.909333333,75,2001,70.59016393
74,74,753,Loan Officer,Prince,Tabitha,201,Loan Operations,East Coast Lending,"New York, NY",35 - 44,F,white,Full time,less than 6 months,0,0,0.733333333,0.866666667,0.866666667,0.8,0.8,0.813333333,76,1982,0.950819672
75,75,488,Senior Loan Officer,Anderson,Rudy,201,Loan Operations,East Coast Lending,"New York, NY",25 - 34,M,white,Full time,1 to less than 2 years,2,1,0.8,0.666666667,0.733333333,0.84,0.866666667,0.781333333,77,1996,16.09836066
76,76,307,Director of Southern Region,Arnold,Hanna,18,Loan Operations,South Lending,"Atlanta, GA",18 - 24,F,white,Full time,2 to less than 4 years,3,2,0.733333333,0.666666667,0.733333333,0.72,0.666666667,0.704,78,1999,24.39344262
77,77,556,Loan Officer,George,Gustavo,307,Loan Operations,South Lending,"Atlanta, GA",18 - 24,M,asian,Part time,1 to less than 2 years,2,0,0.666666667,0.6,0.466666667,0.64,0.6,0.594666667,79,1997,13.47540984
78,78,75,Loan Officer,Harris,Grayson,307,Loan Operations,South Lending,"Atlanta, GA",18 - 24,M,mixed_race,Full time,4 to less than 6 years,4,0,0.866666667,0.8,0.533333333,0.64,0.666666667,0.701333333,80,2003,55.21311475
79,79,64,Loan Officer,Jackson,Lily,307,Loan Operations,South Lending,"Atlanta, GA",18 - 24,F,mixed_race,Full time,4 to less than 6 years,4,0,0.866666667,0.8,0.533333333,0.64,0.666666667,0.701333333,82,1998,58.59016393
80,80,648,Director of Southwest Region,Duncan,Terry,18,Loan Operations,Southwest Lending,"Austin, TX",25 - 34,M,mixed_race,Part time,6 months to less than 1 year,1,2,0.8,0.733333333,0.4,0.64,0.733333333,0.661333333,83,1993,7.901639344
81,81,163,Loan Officer,Jimenez,Yesenia,648,Loan Operations,Southwest Lending,"Austin, TX",25 - 34,F,hispanic,Full time,2 to less than 4 years,3,0,0.733333333,0.8,0.333333333,0.6,0.466666667,0.586666667,84,1990,43.14754098
82,82,138,Loan Officer,Johnson,Julia,648,Loan Operations,Southwest Lending,"Austin, TX",35 - 44,F,white,Full time,2 to less than 4 years,3,0,0.8,0.8,0.733333333,0.84,0.8,0.794666667,85,1981,46.32786885
83,83,53,Senior Loan Officer,Martinez,Toni,648,Loan Operations,Southwest Lending,"Austin, TX",35 - 44,F,hispanic,Full time,4 to less than 6 years,4,1,1,0.733333333,0.666666667,0.76,0.6,0.752,86,1977,62.52459016
84,84,183,Director of Midwest Region,Grimes,Sara,18,Loan Operations,Midwest Lending,"Chicago, IL",25 - 34,F,mixed_race,Part time,2 to less than 4 years,3,2,0.733333333,0.533333333,0.6,0.72,0.533333333,0.624,87,1989,40.45901639
85,85,73,Loan Officer,Anderson,Brooke,183,Loan Operations,Midwest Lending,"Chicago, IL",18 - 24,F,white,Full time,4 to less than 6 years,4,0,0.8,0.8,0.8,0.8,0.6,0.76,88,2000,56.68852459
86,86,137,Senior Loan Officer,Jones,Andre,183,Loan Operations,Midwest Lending,"Chicago, IL",35 - 44,M,white,Full time,2 to less than 4 years,3,1,0.866666667,0.8,0.8,0.76,0.8,0.805333333,89,1977,46.49180328
87,87,653,Loan Officer,Bauer,Christina,183,Loan Operations,Midwest Lending,"Chicago, IL",45 - 54,F,white,Full time,6 months to less than 1 year,1,0,0.6,0.666666667,0.466666667,0.76,0.666666667,0.632,90,1975,7.803278689
88,88,367,Senior Loan Officer,Costa,Russell,183,Loan Operations,Midwest Lending,"Chicago, IL",35 - 44,M,hispanic,Part time,1 to less than 2 years,2,1,0.733333333,0.533333333,0.466666667,0.68,0.533333333,0.589333333,91,1984,21.21311475
89,89,633,Loan Officer,George,Jason,183,Loan Operations,Midwest Lending,"Chicago, IL",25 - 34,M,white,Full time,6 months to less than 1 year,1,0,0.733333333,0.666666667,0.666666667,0.76,0.533333333,0.672,92,1993,8.754098361
90,90,562,Loan Officer,Morton,Connie,183,Loan Operations,Midwest Lending,"Chicago, IL",65+,F,white,Full time,1 to less than 2 years,2,0,0.666666667,0.733333333,0.6,0.72,0.666666667,0.677333333,93,1949,13.27868852
91,91,300,VP of Finance & Accounting,Nixon,Justin,736,Finance & Admin,Finance,"Mountain View, CA",25 - 34,M,white,Full time,2 to less than 4 years,3,3,0.8,0.666666667,0.866666667,0.8,0.866666667,0.8,95,1988,24.98360656
92,92,323,Senior Financial Analyst,Chase,Laura,300,Finance & Admin,Finance,"Mountain View, CA",35 - 44,F,white,Full time,1 to less than 2 years,2,1,0.8,0.733333333,0.866666667,0.84,0.866666667,0.821333333,96,1982,23.83606557
93,93,490,Financial Analyst,Kaur,Eddie,300,Finance & Admin,Finance,"Mountain View, CA",25 - 34,M,asian,Full time,1 to less than 2 years,2,0,0.733333333,0.6,0.666666667,0.72,0.6,0.664,97,1989,16.03278689
94,94,302,Financial Analyst,Nguyen,Jamie,300,Finance & Admin,Finance,"Mountain View, CA",35 - 44,F,asian,Full time,2 to less than 4 years,3,0,0.733333333,0.533333333,0.733333333,0.8,0.6,0.68,98,1986,24.85245902
95,95,531,VP of FP&A,Brown,Karen,736,Finance & Admin,Financial Planning & Analysis,"Mountain View, CA",55 - 64,F,white,Full time,1 to less than 2 years,2,3,0.8,0.666666667,0.933333333,0.84,1,0.848,99,1966,14.8852459
96,96,101,Senior Analyst,Perkins,Lynette,531,Finance & Admin,Financial Planning & Analysis,"Mountain View, CA",45 - 54,F,african_american,Full time,4 to less than 6 years,4,1,0.933333333,0.733333333,0.866666667,0.76,0.8,0.818666667,100,1971,50.16393443
97,97,268,Analyst,Nguyen,Timothy,531,Finance & Admin,Financial Planning & Analysis,"Mountain View, CA",35 - 44,M,mixed_race,Full time,2 to less than 4 years,3,0,0.666666667,0.666666667,0.6,0.68,0.6,0.642666667,101,1981,28.78688525
98,98,296,Senior Analyst,Lopez,Brandon,531,Finance & Admin,Financial Planning & Analysis,"Mountain View, CA",35 - 44,M,hispanic,Full time,2 to less than 4 years,3,1,0.666666667,0.733333333,0.733333333,0.76,0.666666667,0.712,102,1981,25.3442623
99,99,118,Analyst,Ingram,Wayne,531,Finance & Admin,Financial Planning & Analysis,"Mountain View, CA",45 - 54,M,white,Part time,4 to less than 6 years,4,0,0.8,0.533333333,1,0.84,0.866666667,0.808,103,1969,48.62295082
100,100,180,Senior Analyst,Cox,Michelle,531,Finance & Admin,Financial Planning & Analysis,"Mountain View, CA",35 - 44,F,white,Full time,2 to less than 4 years,3,1,0.8,0.8,0.933333333,0.84,0.866666667,0.848,104,1981,40.62295082
101,101,458,VP of Underwriting,Lam,Dustin,736,Finance & Admin,Underwriting,"Mountain View, CA",35 - 44,M,asian,Full time,1 to less than 2 years,2,3,0.8,0.666666667,0.8,0.8,0.866666667,0.786666667,105,1982,17.70491803
102,102,645,Senior Underwriter,Allen,Nicholas,458,Finance & Admin,Underwriting,"Mountain View, CA",35 - 44,M,white,Full time,6 months to less than 1 year,1,1,0.733333333,0.533333333,0.933333333,0.8,0.933333333,0.786666667,107,1982,7.93442623
103,103,547,Director of HR,Nguyen,Cole,736,Finance & Admin,Human Resources,"Mountain View, CA",18 - 24,M,asian,Part time,1 to less than 2 years,2,2,0.6,0.466666667,0.866666667,0.84,0.933333333,0.741333333,108,1997,13.83606557
104,104,405,Director of Marketing,Hanson,Mark,70,Marketing,Marketing,"New York, NY",35 - 44,M,white,Full time,1 to less than 2 years,2,2,0.733333333,0.6,0.8,0.8,1,0.786666667,109,1977,19.70491803
105,105,682,Director of Strategic Marketing,Carter,Nancy,70,Marketing,Strategic Marketing,"New York, NY",55 - 64,F,white,Full time,less than 6 months,0,2,0.733333333,0.666666667,0.8,0.76,0.933333333,0.778666667,110,1959,5.573770492
106,106,35,Marketing Analyst,Mclaughlin,Shaquill,682,Marketing,Strategic Marketing,"New York, NY",25 - 34,M,white,Full time,4 to less than 6 years,4,0,0.8,0.666666667,0.866666667,0.88,1,0.842666667,111,1993,65.18032787
107,107,340,Marketing Analyst,Le,Danielle,682,Marketing,Strategic Marketing,"New York, NY",25 - 34,F,asian,Full time,1 to less than 2 years,2,0,0.8,0.533333333,0.666666667,0.76,0.733333333,0.698666667,112,1987,23.01639344
108,108,466,Senior Marketing Analyst,Ho,Harmony,682,Marketing,Strategic Marketing,"New York, NY",35 - 44,F,asian,Full time,1 to less than 2 years,2,1,0.733333333,0.533333333,0.666666667,0.76,0.8,0.698666667,113,1983,17.44262295
109,109,380,Senior Marketing Analyst,Bailey,Cesar,682,Marketing,Strategic Marketing,"New York, NY",35 - 44,M,white,Full time,1 to less than 2 years,2,1,0.866666667,0.666666667,0.8,0.84,0.933333333,0.821333333,114,1978,20.81967213
110,110,81,Senior Marketing Analyst,Coleman,Laura,682,Marketing,Strategic Marketing,"New York, NY",55 - 64,F,white,Full time,4 to less than 6 years,4,1,0.8,0.666666667,0.866666667,0.88,0.866666667,0.816,115,1959,54.29508197
111,111,481,Product Manager,Dillon,Jaeson,82,Product,Refinancing,"Mountain View, CA",35 - 44,M,white,Full time,1 to less than 2 years,2,1,0.8,0.8,0.866666667,0.8,0.933333333,0.84,116,1980,16.85245902
112,112,613,Analyst,Rose,Chet,481,Product,Refinancing,"Mountain View, CA",35 - 44,M,white,Full time,6 months to less than 1 year,1,0,0.733333333,0.733333333,0.733333333,0.76,0.8,0.752,117,1979,10.19672131
113,113,261,Senior Analyst,Carter,Cherish,481,Product,Refinancing,"Mountain View, CA",35 - 44,F,white,Full time,2 to less than 4 years,3,1,0.666666667,0.866666667,0.866666667,0.8,0.933333333,0.826666667,118,1985,30.13114754
114,114,615,Analyst,Moran,Kamilah,481,Product,Refinancing,"Mountain View, CA",35 - 44,F,white,Full time,6 months to less than 1 year,1,0,0.733333333,0.533333333,0.8,0.84,0.8,0.741333333,119,1980,10.06557377
115,115,166,Analyst,Holmes,Peter,481,Product,Refinancing,"Mountain View, CA",55 - 64,M,mixed_race,Full time,2 to less than 4 years,3,0,0.866666667,0.666666667,0.8,0.8,0.666666667,0.76,120,1966,42.32786885
116,116,32,Analyst,Nguyen,Alexander,481,Product,Refinancing,"Mountain View, CA",35 - 44,M,asian,Full time,4 to less than 6 years,4,0,0.933333333,0.933333333,0.8,0.92,0.866666667,0.890666667,121,1985,65.67213115
117,117,92,Analyst,Branch,Patrick,481,Product,Refinancing,"Mountain View, CA",35 - 44,M,african_american,Full time,4 to less than 6 years,4,0,0.8,0.8,0.666666667,0.76,0.733333333,0.752,122,1985,52.75409836
118,118,502,Senior Analyst,Vance,Regina,481,Product,Refinancing,"Mountain View, CA",55 - 64,F,mixed_race,Full time,1 to less than 2 years,2,1,0.733333333,0.733333333,0.6,0.72,0.666666667,0.690666667,123,1963,15.73770492
119,119,497,Analyst,Phelps,Kenneth,481,Product,Refinancing,"Mountain View, CA",45 - 54,M,white,Full time,1 to less than 2 years,2,0,0.733333333,0.733333333,0.733333333,0.84,0.866666667,0.781333333,124,1968,15.86885246
120,120,518,Product Manager,Andrade,Anthony,82,Product,New Home Purchase,"Mountain View, CA",35 - 44,M,white,Full time,1 to less than 2 years,2,1,0.8,0.733333333,0.866666667,0.84,0.866666667,0.821333333,125,1982,15.40983607
121,121,464,Analyst,Jones,Sean,518,Product,New Home Purchase,"Mountain View, CA",25 - 34,M,african_american,Full time,1 to less than 2 years,2,0,0.733333333,0.666666667,0.733333333,0.72,0.333333333,0.637333333,126,1992,17.57377049
122,122,740,Analyst,Moore,Cedrick,518,Product,New Home Purchase,"Mountain View, CA",25 - 34,M,white,Full time,less than 6 months,0,0,0.8,0.666666667,0.933333333,0.88,0.866666667,0.829333333,127,1991,1.639344262
123,123,522,Analyst,Bryant,Melinda,518,Product,New Home Purchase,"Mountain View, CA",35 - 44,F,white,Full time,1 to less than 2 years,2,0,0.666666667,0.666666667,0.8,0.84,0.8,0.754666667,128,1983,15.14754098
124,124,290,Analyst,Brown,Theodore,518,Product,New Home Purchase,"Mountain View, CA",35 - 44,M,white,Full time,2 to less than 4 years,3,0,0.666666667,0.666666667,0.933333333,0.8,0.8,0.773333333,129,1978,25.90163934
125,125,408,Analyst,Salinas,Shane,518,Product,New Home Purchase,"Mountain View, CA",45 - 54,M,mixed_race,Full time,1 to less than 2 years,2,0,0.933333333,0.866666667,0.6,0.68,0.6,0.736,130,1968,19.67213115
126,126,639,Analyst,Roberts,Travis,518,Product,New Home Purchase,"Mountain View, CA",35 - 44,M,african_american,Full time,6 months to less than 1 year,1,0,0.733333333,0.733333333,0.6,0.76,0.533333333,0.672,131,1985,8.393442623
127,127,572,Product Manager,Henderson,Sarah,82,Product,Realtor Portal,"Mountain View, CA",25 - 34,F,white,Full time,1 to less than 2 years,2,1,0.8,0.8,0.933333333,0.88,0.866666667,0.856,132,1995,12.85245902
128,128,565,Analyst,Johnson,Steven,572,Product,Realtor Portal,"Mountain View, CA",35 - 44,M,white,Full time,1 to less than 2 years,2,0,0.8,0.666666667,0.866666667,0.84,0.866666667,0.808,133,1980,13.27868852
129,129,252,Analyst,Munoz,Kurt,572,Product,Realtor Portal,"Mountain View, CA",35 - 44,M,hispanic,Full time,2 to less than 4 years,3,0,0.733333333,0.733333333,0.8,0.72,0.533333333,0.704,134,1981,31.18032787
130,130,372,Analyst,May,Ray,572,Product,Realtor Portal,"Mountain View, CA",35 - 44,M,white,Full time,1 to less than 2 years,2,0,0.733333333,0.666666667,0.866666667,0.84,0.8,0.781333333,135,1985,21.18032787
131,131,240,Analyst,Larsen,William,572,Product,Realtor Portal,"Mountain View, CA",35 - 44,M,white,Full time,2 to less than 4 years,3,0,0.666666667,0.733333333,0.866666667,0.84,0.8,0.781333333,136,1980,32.81967213
132,132,54,Senior Analyst,Li,Shantel,572,Product,Realtor Portal,"Mountain View, CA",25 - 34,F,asian,Full time,4 to less than 6 years,4,1,0.866666667,0.8,0.933333333,0.84,1,0.888,137,1993,62.03278689
133,133,425,Product Manager,Smith,Ernest,82,Product,Lender Portal,"Mountain View, CA",25 - 34,M,white,Full time,1 to less than 2 years,2,1,0.666666667,0.733333333,0.933333333,0.92,0.8,0.810666667,138,1991,19.04918033
134,134,62,Senior Analyst,Alvarez,Eric,425,Product,Lender Portal,"Mountain View, CA",25 - 34,M,hispanic,Full time,4 to less than 6 years,4,1,0.866666667,0.8,0.733333333,0.84,0.866666667,0.821333333,139,1991,58.68852459
135,135,217,Analyst,Lin,Adam,425,Product,Lender Portal,"Mountain View, CA",45 - 54,M,asian,Full time,2 to less than 4 years,3,0,0.733333333,0.8,0.933333333,0.76,0.733333333,0.792,140,1973,36.19672131
136,136,622,Analyst,Roberts,Sarina,425,Product,Lender Portal,"Mountain View, CA",35 - 44,F,white,Full time,6 months to less than 1 year,1,0,0.8,0.733333333,0.866666667,0.76,0.866666667,0.805333333,141,1978,9.37704918
137,137,698,Analyst,Wilson,Paul,425,Product,Lender Portal,"Mountain View, CA",35 - 44,M,white,Full time,less than 6 months,0,0,0.8,0.666666667,0.866666667,0.8,0.866666667,0.8,142,1978,4.885245902
138,138,184,Analyst,Davis,Jefferson,425,Product,Lender Portal,"Mountain View, CA",45 - 54,M,white,Full time,2 to less than 4 years,3,0,0.733333333,0.733333333,1,0.84,0.8,0.821333333,143,1969,40.45901639
139,139,539,Senior Analyst,Salazar,Jessie,425,Product,Lender Portal,"Mountain View, CA",35 - 44,M,mixed_race,Full time,1 to less than 2 years,2,1,0.933333333,0.666666667,0.733333333,0.72,0.466666667,0.704,144,1980,14.19672131
140,140,263,Analyst,Holmes,Gary,425,Product,Lender Portal,"Mountain View, CA",55 - 64,M,white,Full time,2 to less than 4 years,3,0,0.866666667,0.533333333,0.733333333,0.88,0.8,0.762666667,145,1966,29.04918033
141,141,60,Product Manager,Mcfarland,Steven,82,Product,Loan Officer Portal,"Mountain View, CA",35 - 44,M,african_american,Full time,4 to less than 6 years,4,1,0.933333333,0.733333333,0.933333333,0.72,0.866666667,0.837333333,146,1985,59.7704918
142,142,233,Analyst,Li,Jason,60,Product,Loan Officer Portal,"Mountain View, CA",35 - 44,M,asian,Full time,2 to less than 4 years,3,0,0.733333333,0.733333333,0.866666667,0.8,0.733333333,0.773333333,147,1982,34.91803279
143,143,555,Analyst,Freeman,David,60,Product,Loan Officer Portal,"Mountain View, CA",35 - 44,M,white,Full time,1 to less than 2 years,2,0,0.733333333,0.666666667,0.733333333,0.8,0.8,0.746666667,148,1981,13.57377049
144,144,430,Analyst,Barnes,Peter,60,Product,Loan Officer Portal,"Mountain View, CA",45 - 54,M,white,Full time,1 to less than 2 years,2,0,0.666666667,0.666666667,0.8,0.8,0.866666667,0.76,149,1973,19.01639344
145,145,88,Analyst,Arnold,Dustin,60,Product,Loan Officer Portal,"Mountain View, CA",25 - 34,M,white,Full time,4 to less than 6 years,4,0,0.8,0.866666667,0.933333333,0.88,0.866666667,0.869333333,150,1996,53.63934426
146,146,85,Chief Designer,Hamilton,Dexter,82,Product,User Experience / User Interface,"New York, NY",25 - 34,M,african_american,Part time,4 to less than 6 years,4,2,0.866666667,0.733333333,0.733333333,0.8,0.8,0.786666667,151,1990,53.80327869
147,147,223,Designer,Delarosa,Christopher,85,Product,User Experience / User Interface,"New York, NY",45 - 54,M,hispanic,Full time,2 to less than 4 years,3,0,0.8,0.8,0.666666667,0.72,0.666666667,0.730666667,152,1973,35.60655738
148,148,285,Senior Designer,Randolph,Shane,85,Product,User Experience / User Interface,"New York, NY",35 - 44,M,white,Full time,2 to less than 4 years,3,1,0.733333333,0.866666667,0.666666667,0.84,0.733333333,0.768,154,1977,26.8852459
149,149,769,Designer,Kirby,Benjamin,85,Product,User Experience / User Interface,"New York, NY",25 - 34,M,white,Full time,less than 6 months,0,0,0.733333333,0.666666667,0.8,0.8,0.866666667,0.773333333,155,1991,0.032786885
150,150,346,Senior Designer,Smith,Tad,85,Product,User Experience / User Interface,"New York, NY",35 - 44,M,african_american,Full time,1 to less than 2 years,2,1,0.8,0.666666667,0.666666667,0.6,0.6,0.666666667,156,1985,22.32786885
151,151,212,Designer,Lee,Kathyrn,85,Product,User Experience / User Interface,"New York, NY",25 - 34,F,white,Full time,2 to less than 4 years,3,0,0.8,0.8,0.866666667,0.84,0.866666667,0.834666667,157,1995,37.31147541
152,152,764,Director of Business Development,Greene,Karen,225,Loan Operations,East Coast Lender Relations,"New York, NY",45 - 54,F,white,Full time,less than 6 months,0,2,0.866666667,0.733333333,0.733333333,0.8,0.866666667,0.8,158,1975,0.62295082
153,153,437,Director of Business Development,Marsh,Cephus,225,Loan Operations,West Coast Lender Relations,"Mountain View, CA",35 - 44,M,white,Full time,1 to less than 2 years,2,2,0.866666667,0.733333333,0.866666667,0.84,0.933333333,0.848,159,1982,18.62295082
154,154,453,Director of Business Development,Wallace,Debra,225,Loan Operations,Midwest Lender Relations,"Chicago, IL",55 - 64,F,white,Full time,1 to less than 2 years,2,2,0.8,0.733333333,0.666666667,0.8,0.6,0.72,160,1960,17.93442623
155,155,552,Manager of Engineering,Castro,Benjamin,260,Compliance,Back End,"Mountain View, CA",35 - 44,M,white,Full time,1 to less than 2 years,2,1,0.733333333,0.6,0.866666667,0.84,0.933333333,0.794666667,161,1980,13.67213115
156,156,597,Engineer,Crawford,Joseph,552,Compliance,Back End,"Mountain View, CA",35 - 44,M,white,Full time,6 months to less than 1 year,1,0,0.666666667,0.666666667,0.8,0.76,0.866666667,0.752,162,1986,11.70491803
157,157,462,Engineer,Davis,Thomas,552,Compliance,Back End,"Mountain View, CA",45 - 54,M,african_american,Full time,1 to less than 2 years,2,0,0.6,0.6,0.733333333,0.64,0.666666667,0.648,163,1973,17.60655738
158,158,282,Senior Engineer,Hudson,Victor,552,Compliance,Back End,"Mountain View, CA",45 - 54,M,white,Part time,2 to less than 4 years,3,1,0.733333333,0.533333333,0.866666667,0.84,0.933333333,0.781333333,164,1975,26.95081967
159,159,153,Engineer,Gibson,Christopher,552,Compliance,Back End,"Mountain View, CA",35 - 44,M,white,Full time,2 to less than 4 years,3,0,0.666666667,0.733333333,0.866666667,0.8,0.8,0.773333333,165,1978,45.14754098
160,160,254,Engineer,Lopez,Aaron,552,Compliance,Back End,"Mountain View, CA",35 - 44,M,hispanic,Part time,2 to less than 4 years,3,0,0.8,0.733333333,0.8,0.72,0.666666667,0.744,166,1982,31.18032787
161,161,586,Engineer,Simmons,Julie,552,Compliance,Back End,"Mountain View, CA",55 - 64,F,white,Full time,1 to less than 2 years,2,0,0.733333333,0.6,0.866666667,0.84,0.733333333,0.754666667,167,1964,12.36065574
162,162,143,Engineer,Allen,Kendarrius,552,Compliance,Back End,"Mountain View, CA",18 - 24,M,african_american,Full time,2 to less than 4 years,3,0,0.8,0.8,0.866666667,0.68,0.6,0.749333333,168,1998,45.63934426
163,163,628,Manager of Engineering,Norton,Rhonda,260,Compliance,Back End,"Mountain View, CA",65+,F,white,Full time,6 months to less than 1 year,1,1,0.6,0.733333333,0.933333333,0.84,0.8,0.781333333,169,1954,8.819672131
164,164,229,Chief Engineer,Stafford,Federico,628,Compliance,Back End,"Mountain View, CA",45 - 54,M,african_american,Full time,2 to less than 4 years,3,2,0.866666667,0.666666667,0.666666667,0.68,0.733333333,0.722666667,170,1968,35.18032787
165,165,733,Engineer,Montes,Sharon,628,Compliance,Back End,"Mountain View, CA",45 - 54,F,hispanic,Full time,less than 6 months,0,0,0.666666667,0.666666667,0.666666667,0.68,0.6,0.656,171,1970,1.967213115
166,166,727,Chief Engineer,Miller,Anthony,628,Compliance,Back End,"Mountain View, CA",55 - 64,M,white,Full time,less than 6 months,0,2,0.866666667,0.666666667,0.8,0.84,1,0.834666667,172,1963,2.229508197
167,167,654,Engineer,Norris,Jordan,628,Compliance,Back End,"Mountain View, CA",35 - 44,M,african_american,Full time,6 months to less than 1 year,1,0,0.666666667,0.6,0.533333333,0.76,0.533333333,0.618666667,173,1985,7.672131148
168,168,38,Engineer,Newton,Vivian,628,Compliance,Back End,"Mountain View, CA",55 - 64,F,white,Full time,4 to less than 6 years,4,0,0.8,0.8,0.8,0.88,0.933333333,0.842666667,174,1958,64.39344262
169,169,610,Engineer,Poole,Susana,628,Compliance,Back End,"Mountain View, CA",55 - 64,F,african_american,Full time,6 months to less than 1 year,1,0,0.666666667,0.666666667,0.533333333,0.64,0.333333333,0.568,175,1960,10.49180328
170,170,357,Engineer,Meyer,Roberta,628,Compliance,Back End,"Mountain View, CA",55 - 64,F,white,Full time,1 to less than 2 years,2,0,0.533333333,0.533333333,0.8,0.84,0.866666667,0.714666667,176,1962,21.7704918
171,171,585,Chief Engineer,James,Brandon,628,Compliance,Back End,"Mountain View, CA",35 - 44,M,white,Full time,1 to less than 2 years,2,2,0.733333333,0.6,0.933333333,0.84,0.866666667,0.794666667,177,1986,12.39344262
172,172,546,Manager of Engineering,Torres,Alexander,68,Engineering,Algorithm Development,"Mountain View, CA",35 - 44,M,hispanic,Full time,1 to less than 2 years,2,1,0.733333333,0.666666667,0.733333333,0.76,0.866666667,0.752,178,1984,13.90163934
173,173,354,Engineer,Cantu,Rylan,546,Engineering,Algorithm Development,"Mountain View, CA",18 - 24,M,mixed_race,Full time,1 to less than 2 years,2,0,0.666666667,0.6,0.733333333,0.6,0.8,0.68,179,2001,21.83606557
174,174,318,Engineer,Delacruz,Luke,546,Engineering,Algorithm Development,"Mountain View, CA",25 - 34,M,asian,Part time,2 to less than 4 years,3,0,0.866666667,0.533333333,0.866666667,0.8,0.8,0.773333333,180,1994,24.06557377
175,175,15,Engineer,Ahmed,Melissa,546,Engineering,Algorithm Development,"Mountain View, CA",35 - 44,F,asian,Full time,4 to less than 6 years,4,0,1,0.733333333,0.933333333,0.84,0.933333333,0.888,181,1979,69.14754098
176,176,612,Engineer,Chen,Arlin,546,Engineering,Algorithm Development,"Mountain View, CA",35 - 44,M,asian,Full time,6 months to less than 1 year,1,0,0.8,0.6,0.733333333,0.8,0.933333333,0.773333333,182,1981,10.49180328
177,177,671,Engineer,Neal,David,546,Engineering,Algorithm Development,"Mountain View, CA",25 - 34,M,white,Part time,less than 6 months,0,0,0.733333333,0.6,0.866666667,0.88,0.933333333,0.802666667,183,1989,5.901639344
178,178,157,Engineer,Dejesus,John,546,Engineering,Algorithm Development,"Mountain View, CA",35 - 44,M,asian,Full time,2 to less than 4 years,3,0,0.933333333,0.733333333,0.666666667,0.8,0.8,0.786666667,184,1978,44.39344262
179,179,341,Senior Engineer,Thomas,Jeremy,546,Engineering,Algorithm Development,"Mountain View, CA",25 - 34,M,white,Full time,1 to less than 2 years,2,1,0.733333333,0.8,0.933333333,0.88,1,0.869333333,185,1989,22.91803279
180,180,21,Manager of Engineering,Mcconnell,Mercedes,68,Engineering,Algorithm Development,"Mountain View, CA",25 - 34,F,white,Part time,4 to less than 6 years,4,1,0.933333333,0.666666667,0.933333333,0.92,1,0.890666667,186,1990,67.50819672
181,181,706,Senior Engineer,Kim,Holly,21,Engineering,Algorithm Development,"Mountain View, CA",45 - 54,F,asian,Full time,less than 6 months,0,1,0.733333333,0.666666667,0.8,0.8,0.733333333,0.746666667,187,1971,4.262295082
182,182,549,Engineer,Wong,Justin,21,Engineering,Algorithm Development,"Mountain View, CA",25 - 34,M,asian,Full time,1 to less than 2 years,2,0,0.8,0.666666667,0.733333333,0.76,0.8,0.752,188,1987,13.83606557
183,183,402,Senior Engineer,Wong,Garrett,21,Engineering,Algorithm Development,"Mountain View, CA",25 - 34,M,asian,Full time,1 to less than 2 years,2,1,0.8,0.666666667,0.8,0.84,0.933333333,0.808,189,1994,19.93442623
184,184,450,Senior Engineer,Li,Anthony,21,Engineering,Algorithm Development,"Mountain View, CA",35 - 44,M,asian,Full time,1 to less than 2 years,2,1,0.8,0.666666667,0.933333333,0.8,0.733333333,0.786666667,190,1981,18.13114754
185,185,424,Engineer,Wheeler,Gabriel,21,Engineering,Algorithm Development,"Mountain View, CA",18 - 24,M,white,Full time,1 to less than 2 years,2,0,0.933333333,0.6,0.8,0.8,0.933333333,0.813333333,191,2001,19.14754098
186,186,664,Engineer,Howard,Robert,21,Engineering,Algorithm Development,"Mountain View, CA",55 - 64,M,white,Full time,6 months to less than 1 year,1,0,0.666666667,0.6,0.8,0.76,0.866666667,0.738666667,192,1961,6.68852459
187,187,743,Engineer,Singh,Brent,21,Engineering,Algorithm Development,"Mountain View, CA",45 - 54,M,asian,Full time,less than 6 months,0,0,0.8,0.6,0.666666667,0.76,0.866666667,0.738666667,193,1973,1.573770492
188,188,47,Engineer,Le,Christopher,21,Engineering,Algorithm Development,"Mountain View, CA",45 - 54,M,asian,Full time,4 to less than 6 years,4,0,1,0.666666667,0.933333333,0.8,1,0.88,194,1975,63.27868852
189,189,673,Manager of Engineering,Kim,Julio,68,Engineering,Algorithm Development,"Mountain View, CA",45 - 54,M,asian,Full time,less than 6 months,0,1,0.733333333,0.666666667,0.866666667,0.8,0.866666667,0.786666667,195,1973,5.639344262
190,190,535,Senior Engineer,Lee,James,673,Engineering,Algorithm Development,"Mountain View, CA",35 - 44,M,asian,Full time,1 to less than 2 years,2,1,0.866666667,0.733333333,0.8,0.76,0.8,0.792,196,1984,14.75409836
191,191,536,Engineer,Webb,Kenneth,673,Engineering,Algorithm Development,"Mountain View, CA",45 - 54,M,white,Full time,1 to less than 2 years,2,0,0.733333333,0.666666667,0.866666667,0.8,0.933333333,0.8,197,1972,14.72131148
192,192,319,Engineer,Pham,Leslie,673,Engineering,Algorithm Development,"Mountain View, CA",55 - 64,F,asian,Full time,1 to less than 2 years,2,0,0.8,0.666666667,0.733333333,0.8,0.8,0.76,198,1960,23.93442623
193,193,651,Engineer,Patel,Jason,673,Engineering,Algorithm Development,"Mountain View, CA",35 - 44,M,asian,Full time,6 months to less than 1 year,1,0,0.733333333,0.666666667,0.733333333,0.8,0.933333333,0.773333333,199,1978,7.901639344
194,194,521,Senior Engineer,Adams,June,673,Engineering,Algorithm Development,"Mountain View, CA",35 - 44,F,white,Full time,1 to less than 2 years,2,1,0.866666667,0.466666667,0.666666667,0.88,0.866666667,0.749333333,200,1980,15.31147541
195,195,390,Engineer,Wilson,Andrea,673,Engineering,Algorithm Development,"Mountain View, CA",45 - 54,F,white,Full time,1 to less than 2 years,2,0,0.8,0.666666667,0.866666667,0.84,0.933333333,0.821333333,201,1968,20.59016393
196,196,551,Engineer,Vo,Tasha,673,Engineering,Algorithm Development,"Mountain View, CA",35 - 44,F,asian,Full time,1 to less than 2 years,2,0,0.8,0.666666667,0.866666667,0.76,0.8,0.778666667,202,1982,13.7704918
197,197,239,Engineer,Nguyen,Ernest,673,Engineering,Algorithm Development,"Mountain View, CA",55 - 64,M,asian,Part time,2 to less than 4 years,3,0,0.8,0.6,0.8,0.88,0.933333333,0.802666667,203,1964,33.3442623
198,198,575,Engineer,Li,Scott,673,Engineering,Algorithm Development,"Mountain View, CA",25 - 34,M,asian,Full time,1 to less than 2 years,2,0,0.8,0.666666667,0.866666667,0.76,0.866666667,0.792,204,1989,12.55737705
199,199,712,Manager of Engineering,Pham,Deandre,68,Engineering,Algorithm Development,"Mountain View, CA",25 - 34,M,asian,Full time,less than 6 months,0,1,0.733333333,0.733333333,0.8,0.84,0.866666667,0.794666667,205,1987,4
200,200,350,Engineer,Lee,Jerry,712,Engineering,Algorithm Development,"Mountain View, CA",35 - 44,M,asian,Full time,1 to less than 2 years,2,0,0.733333333,0.666666667,0.666666667,0.8,0.8,0.733333333,206,1983,22.19672131
201,201,701,Chief Engineer,Lee,Matthew,712,Engineering,Algorithm Development,"Mountain View, CA",35 - 44,M,asian,Full time,less than 6 months,0,2,0.866666667,0.733333333,0.8,0.8,0.933333333,0.826666667,207,1985,4.786885246
202,202,238,Engineer,Moon,Richard,712,Engineering,Algorithm Development,"Mountain View, CA",35 - 44,M,asian,Full time,2 to less than 4 years,3,0,0.8,0.666666667,0.733333333,0.76,0.8,0.752,208,1983,33.37704918
203,203,393,Engineer,Macdonald,Tabatha,712,Engineering,Algorithm Development,"Mountain View, CA",35 - 44,F,white,Full time,1 to less than 2 years,2,0,0.733333333,0.666666667,0.933333333,0.88,0.933333333,0.829333333,209,1978,20.29508197
204,204,557,Chief Engineer,Nguyen,Toshiba,712,Engineering,Algorithm Development,"Mountain View, CA",25 - 34,F,asian,Part time,1 to less than 2 years,2,2,0.733333333,0.6,0.866666667,0.8,0.8,0.76,210,1987,13.40983607
205,205,525,Engineer,Benton,David,712,Engineering,Algorithm Development,"Mountain View, CA",25 - 34,M,mixed_race,Full time,1 to less than 2 years,2,0,0.733333333,0.533333333,0.666666667,0.68,0.8,0.682666667,211,1987,15.04918033
206,206,213,Chief Engineer,Gray,Charles,712,Engineering,Algorithm Development,"Mountain View, CA",55 - 64,M,white,Full time,2 to less than 4 years,3,2,0.933333333,0.733333333,0.866666667,0.8,0.866666667,0.84,212,1965,37.1147541
207,207,421,Manager of Engineering,Davis,Matthew,68,Engineering,Algorithm Development,"Mountain View, CA",18 - 24,M,white,Full time,1 to less than 2 years,2,1,0.733333333,0.6,1,0.88,0.933333333,0.829333333,213,1998,19.3442623
208,208,65,Engineer,Roy,Barbra,421,Engineering,Algorithm Development,"Mountain View, CA",35 - 44,F,asian,Full time,4 to less than 6 years,4,0,0.866666667,0.866666667,0.933333333,0.84,1,0.901333333,214,1980,57.96721311
209,209,414,Engineer,Ali,Tracey,421,Engineering,Algorithm Development,"Mountain View, CA",35 - 44,M,asian,Full time,1 to less than 2 years,2,0,0.733333333,0.466666667,0.666666667,0.76,0.8,0.685333333,215,1984,19.60655738
210,210,322,Engineer,Chen,Amanda,421,Engineering,Algorithm Development,"Mountain View, CA",35 - 44,F,asian,Full time,1 to less than 2 years,2,0,0.8,0.733333333,0.8,0.84,0.866666667,0.808,216,1977,23.93442623
211,211,643,Chief Engineer,Kim,Paul,421,Engineering,Algorithm Development,"Mountain View, CA",55 - 64,M,asian,Full time,6 months to less than 1 year,1,2,0.8,0.6,0.866666667,0.84,0.933333333,0.808,217,1964,8.06557377
212,212,249,Engineer,Singh,Gerald,421,Engineering,Algorithm Development,"Mountain View, CA",45 - 54,M,asian,Full time,2 to less than 4 years,3,0,0.933333333,0.666666667,0.8,0.8,0.866666667,0.813333333,218,1972,31.7704918
213,213,511,Chief Engineer,Tran,Steven,421,Engineering,Algorithm Development,"Mountain View, CA",25 - 34,M,asian,Full time,1 to less than 2 years,2,2,0.8,0.6,0.8,0.8,0.8,0.76,219,1994,15.50819672
214,214,257,Chief Engineer,Nixon,Luis,421,Engineering,Algorithm Development,"Mountain View, CA",35 - 44,M,white,Full time,2 to less than 4 years,3,2,0.866666667,0.6,0.933333333,0.84,0.933333333,0.834666667,220,1986,30.81967213
215,215,746,Engineer,Roman,Kurt,421,Engineering,Algorithm Development,"Mountain View, CA",35 - 44,M,white,Full time,less than 6 months,0,0,0.8,0.733333333,0.933333333,0.88,0.866666667,0.842666667,221,1981,1.37704918
216,216,411,Engineer,Roberts,Judy,421,Engineering,Algorithm Development,"Mountain View, CA",45 - 54,F,white,Full time,1 to less than 2 years,2,0,0.666666667,0.6,0.8,0.8,0.866666667,0.746666667,222,1971,19.67213115
217,217,676,Manager of Engineering,Wilson,Gabriel,326,Engineering,Front End,"Mountain View, CA",35 - 44,M,white,Full time,less than 6 months,0,1,0.733333333,0.8,0.8,0.88,1,0.842666667,223,1983,5.639344262
218,218,640,Senior Engineer,Pham,Shawn,676,Engineering,Front End,"Mountain View, CA",35 - 44,M,asian,Full time,6 months to less than 1 year,1,1,0.866666667,0.666666667,0.733333333,0.8,0.666666667,0.746666667,224,1983,8.393442623
219,219,589,Engineer,Thomas,Jason,676,Engineering,Front End,"Mountain View, CA",35 - 44,M,white,Full time,1 to less than 2 years,2,0,0.733333333,0.733333333,0.8,0.92,0.933333333,0.824,225,1977,12.26229508
220,220,605,Engineer,Kim,Duane,676,Engineering,Front End,"Mountain View, CA",55 - 64,M,asian,Full time,6 months to less than 1 year,1,0,0.8,0.6,0.733333333,0.84,0.733333333,0.741333333,226,1958,11.31147541
221,221,665,Engineer,Peralta,Mia,676,Engineering,Front End,"Mountain View, CA",18 - 24,F,asian,Full time,6 months to less than 1 year,1,0,0.8,0.6,0.733333333,0.76,0.933333333,0.765333333,227,2000,6.393442623
222,222,590,Engineer,Mccormick,Travis,676,Engineering,Front End,"Mountain View, CA",25 - 34,M,white,Full time,1 to less than 2 years,2,0,0.866666667,0.533333333,0.8,0.8,0.933333333,0.786666667,228,1990,12.2295082
223,223,717,Engineer,Huang,Loren,676,Engineering,Front End,"Mountain View, CA",25 - 34,M,asian,Full time,less than 6 months,0,0,0.666666667,0.666666667,0.733333333,0.84,0.8,0.741333333,229,1988,3.37704918
224,224,443,Engineer,Chen,Peter,676,Engineering,Front End,"Mountain View, CA",25 - 34,M,asian,Part time,1 to less than 2 years,2,0,0.8,0.6,0.8,0.76,0.866666667,0.765333333,230,1991,18.52459016
225,225,542,Engineer,Golden,Juan,676,Engineering,Front End,"Mountain View, CA",35 - 44,M,white,Full time,1 to less than 2 years,2,0,0.666666667,0.533333333,0.8,0.84,0.933333333,0.754666667,231,1986,14.09836066
226,226,723,Engineer,Anderson,Joshua,676,Engineering,Front End,"Mountain View, CA",25 - 34,M,white,Full time,less than 6 months,0,0,0.866666667,0.733333333,0.866666667,0.84,1,0.861333333,232,1987,2.459016393
227,227,571,Engineer,Dean,Joseph,676,Engineering,Front End,"Mountain View, CA",35 - 44,M,white,Full time,1 to less than 2 years,2,0,0.733333333,0.733333333,0.866666667,0.88,0.866666667,0.816,233,1982,12.98360656
228,228,292,Senior Engineer,Lin,Sean,676,Engineering,Front End,"Mountain View, CA",18 - 24,M,asian,Full time,2 to less than 4 years,3,1,0.733333333,0.533333333,0.8,0.76,0.866666667,0.738666667,234,1999,25.83606557
229,229,440,Engineer,Bell,Kirsten,676,Engineering,Front End,"Mountain View, CA",25 - 34,F,white,Full time,1 to less than 2 years,2,0,0.733333333,0.6,0.866666667,0.88,0.866666667,0.789333333,235,1989,18.59016393
230,230,103,Manager of Engineering,Murphy,Dora,326,Engineering,Front End,"Mountain View, CA",35 - 44,F,african_american,Full time,4 to less than 6 years,4,1,0.866666667,0.666666667,0.866666667,0.76,0.8,0.792,236,1985,49.67213115
231,231,386,Senior Engineer,Weeks,Timothy,103,Engineering,Front End,"Mountain View, CA",55 - 64,M,white,Full time,1 to less than 2 years,2,1,0.8,0.6,0.866666667,0.88,0.8,0.789333333,237,1963,20.78688525
232,232,501,Senior Engineer,Patel,Osvaldo,103,Engineering,Front End,"Mountain View, CA",18 - 24,M,asian,Full time,1 to less than 2 years,2,1,0.8,0.533333333,0.866666667,0.76,0.733333333,0.738666667,238,1999,15.7704918
233,233,477,Engineer,Lee,Eric,103,Engineering,Front End,"Mountain View, CA",35 - 44,M,asian,Full time,1 to less than 2 years,2,0,0.866666667,0.6,0.733333333,0.8,0.8,0.76,239,1979,16.95081967
234,234,160,Engineer,George,Nathan,103,Engineering,Front End,"Mountain View, CA",25 - 34,M,asian,Full time,2 to less than 4 years,3,0,0.933333333,0.733333333,0.733333333,0.84,0.8,0.808,240,1987,44.19672131
235,235,446,Chief Engineer,Vo,Chad,103,Engineering,Front End,"Mountain View, CA",35 - 44,M,asian,Full time,1 to less than 2 years,2,2,0.8,0.666666667,0.866666667,0.8,0.933333333,0.813333333,241,1981,18.49180328
236,236,457,Engineer,Garcia,Hunter,103,Engineering,Front End,"Mountain View, CA",25 - 34,M,hispanic,Full time,1 to less than 2 years,2,0,0.733333333,0.6,0.8,0.76,0.666666667,0.712,242,1996,17.73770492
237,237,171,Engineer,Monroe,Jenny,103,Engineering,Front End,"Mountain View, CA",35 - 44,F,white,Full time,2 to less than 4 years,3,0,0.733333333,0.6,1,0.84,0.933333333,0.821333333,243,1984,41.83606557
238,238,112,Engineer,Carter,Donald,103,Engineering,Front End,"Mountain View, CA",25 - 34,M,white,Full time,4 to less than 6 years,4,0,0.8,0.8,0.933333333,0.88,1,0.882666667,244,1988,48.91803279
239,239,617,Manager of Engineering,Nguyen,Alvaro,326,Engineering,Front End,"Mountain View, CA",18 - 24,M,asian,Full time,6 months to less than 1 year,1,1,0.866666667,0.6,0.733333333,0.76,0.733333333,0.738666667,245,2002,9.704918033
240,240,719,Engineer,Romero,Melissa,617,Engineering,Front End,"Mountain View, CA",25 - 34,F,white,Full time,less than 6 months,0,0,0.8,0.533333333,0.933333333,0.84,0.933333333,0.808,246,1988,3.37704918
241,241,492,Engineer,Roy,Phillip,617,Engineering,Front End,"Mountain View, CA",35 - 44,M,asian,Full time,1 to less than 2 years,2,0,0.8,0.733333333,0.733333333,0.8,0.933333333,0.8,247,1986,16
242,242,131,Senior Engineer,Ali,Nathan,617,Engineering,Front End,"Mountain View, CA",18 - 24,M,white,Part time,2 to less than 4 years,3,1,0.933333333,0.733333333,0.933333333,0.88,1,0.896,248,1999,46.95081967
243,243,78,Engineer,Lee,Brian,617,Engineering,Front End,"Mountain View, CA",25 - 34,M,asian,Full time,4 to less than 6 years,4,0,0.933333333,0.666666667,0.8,0.84,0.933333333,0.834666667,249,1988,55.08196721
244,244,98,Engineer,Woodward,Daniel,617,Engineering,Front End,"Mountain View, CA",35 - 44,M,white,Full time,4 to less than 6 years,4,0,0.733333333,0.733333333,0.933333333,0.88,1,0.856,250,1984,50.98360656
245,245,704,Engineer,Santos,Javon,617,Engineering,Front End,"Mountain View, CA",35 - 44,M,white,Full time,less than 6 months,0,0,0.866666667,0.666666667,0.8,0.88,1,0.842666667,251,1984,4.295081967
246,246,362,Engineer,Patterson,Enrique,617,Engineering,Front End,"Mountain View, CA",35 - 44,M,white,Full time,1 to less than 2 years,2,0,0.733333333,0.533333333,0.8,0.84,0.933333333,0.768,252,1977,21.67213115
247,247,687,Engineer,Anderson,Tangela,617,Engineering,Front End,"Mountain View, CA",35 - 44,F,white,Part time,less than 6 months,0,0,0.8,0.533333333,0.866666667,0.88,0.933333333,0.802666667,253,1986,5.442622951
248,248,173,Engineer,Patel,Richard,617,Engineering,Front End,"Mountain View, CA",35 - 44,M,asian,Full time,2 to less than 4 years,3,0,0.733333333,0.666666667,0.866666667,0.8,0.866666667,0.786666667,254,1984,41.1147541
249,249,310,Engineer,Mendoza,Paul,617,Engineering,Front End,"Mountain View, CA",55 - 64,M,hispanic,Full time,2 to less than 4 years,3,0,0.733333333,0.533333333,0.666666667,0.8,0.733333333,0.693333333,255,1960,24.39344262
250,250,756,Manager of Engineering,Tran,Dylan,149,Engineering,Security,"Mountain View, CA",25 - 34,M,asian,Part time,less than 6 months,0,1,0.866666667,0.666666667,0.933333333,0.84,0.8,0.821333333,256,1992,0.950819672
251,251,766,Engineer,Nguyen,Jason,756,Engineering,Security,"Mountain View, CA",35 - 44,M,asian,Full time,less than 6 months,0,0,0.8,0.533333333,0.666666667,0.88,0.8,0.736,257,1982,0.196721311
252,252,761,Senior Engineer,Tran,Kurtis,756,Engineering,Security,"Mountain View, CA",25 - 34,M,asian,Full time,less than 6 months,0,1,0.8,0.733333333,0.8,0.84,0.8,0.794666667,258,1987,0.721311475
253,253,656,Engineer,Williams,Charles,756,Engineering,Security,"Mountain View, CA",35 - 44,M,white,Full time,6 months to less than 1 year,1,0,0.733333333,0.666666667,0.866666667,0.88,0.8,0.789333333,259,1978,7.37704918
254,254,128,Engineer,Carpenter,Stormy,756,Engineering,Security,"Mountain View, CA",18 - 24,M,white,Part time,2 to less than 4 years,3,0,0.8,0.533333333,0.866666667,0.88,1,0.816,260,2003,47.18032787
255,255,537,Manager of Engineering,Lee,Margaret,149,Engineering,Security,"Mountain View, CA",55 - 64,F,white,Full time,1 to less than 2 years,2,1,0.733333333,0.666666667,0.866666667,0.84,0.866666667,0.794666667,261,1961,14.39344262
256,256,515,Senior Engineer,Silva,Benjamin,537,Engineering,Security,"Mountain View, CA",35 - 44,M,hispanic,Full time,1 to less than 2 years,2,1,0.8,0.733333333,0.8,0.76,0.666666667,0.752,262,1985,15.44262295
257,257,383,Engineer,Villanueva,Justin,537,Engineering,Security,"Mountain View, CA",25 - 34,M,asian,Part time,1 to less than 2 years,2,0,0.733333333,0.6,0.8,0.8,0.866666667,0.76,263,1995,20.81967213
258,258,722,Engineer,Wu,William,537,Engineering,Security,"Mountain View, CA",35 - 44,M,asian,Full time,less than 6 months,0,0,0.733333333,0.8,0.6,0.68,0.8,0.722666667,264,1986,2.62295082
259,259,192,Engineer,Nguyen,Shane,537,Engineering,Security,"Mountain View, CA",25 - 34,M,asian,Full time,2 to less than 4 years,3,0,0.866666667,0.466666667,0.8,0.8,0.866666667,0.76,265,1987,39.37704918
260,260,94,Senior Engineer,Nguyen,Luke,537,Engineering,Security,"Mountain View, CA",35 - 44,M,asian,Full time,4 to less than 6 years,4,1,0.866666667,0.733333333,0.933333333,0.84,0.866666667,0.848,266,1985,52.68852459
261,261,679,Engineer,Ho,Jordan,537,Engineering,Security,"Mountain View, CA",35 - 44,M,asian,Full time,less than 6 months,0,0,0.666666667,0.666666667,0.733333333,0.84,0.8,0.741333333,267,1982,5.606557377
262,262,365,Manager of Engineering,Lee,Natasha,580,Engineering,Full Stack,"Mountain View, CA",18 - 24,F,asian,Full time,1 to less than 2 years,2,1,0.733333333,0.733333333,0.8,0.84,0.866666667,0.794666667,268,1997,21.57377049
263,263,297,Chief Engineer,Nguyen,Mark,365,Engineering,Full Stack,"Mountain View, CA",45 - 54,M,asian,Full time,2 to less than 4 years,3,2,0.8,0.8,0.8,0.84,0.8,0.808,269,1969,25.01639344
264,264,400,Senior Engineer,Wu,Steve,365,Engineering,Full Stack,"Mountain View, CA",35 - 44,M,asian,Full time,1 to less than 2 years,2,1,0.733333333,0.733333333,0.733333333,0.76,0.866666667,0.765333333,270,1986,20
265,265,415,Senior Engineer,Ali,Jeffrey,365,Engineering,Full Stack,"Mountain View, CA",25 - 34,M,asian,Full time,1 to less than 2 years,2,1,0.866666667,0.6,0.733333333,0.76,0.8,0.752,271,1989,19.60655738
266,266,475,Engineer,Hansen,Rhett,365,Engineering,Full Stack,"Mountain View, CA",25 - 34,M,mixed_race,Full time,1 to less than 2 years,2,0,0.8,0.733333333,0.666666667,0.76,0.8,0.752,272,1987,17.27868852
267,267,186,Engineer,Miller,Andy,365,Engineering,Full Stack,"Mountain View, CA",25 - 34,M,white,Full time,2 to less than 4 years,3,0,0.866666667,0.533333333,0.933333333,0.84,0.933333333,0.821333333,273,1991,40.19672131
268,268,345,Engineer,Rogers,Cody,365,Engineering,Full Stack,"Mountain View, CA",25 - 34,M,white,Full time,1 to less than 2 years,2,0,0.733333333,0.666666667,0.933333333,0.8,0.866666667,0.8,274,1994,22.45901639
269,269,434,Engineer,Yates,Austin,365,Engineering,Full Stack,"Mountain View, CA",18 - 24,M,white,Full time,1 to less than 2 years,2,0,0.6,0.6,0.866666667,0.8,0.933333333,0.76,275,2001,18.95081967
270,270,30,Engineer,Kim,Aaron,365,Engineering,Full Stack,"Mountain View, CA",35 - 44,M,asian,Full time,4 to less than 6 years,4,0,0.933333333,0.8,0.733333333,0.84,1,0.861333333,276,1979,65.83606557
271,271,559,Engineer,Simon,Judah,365,Engineering,Full Stack,"Mountain View, CA",18 - 24,M,hispanic,Part time,1 to less than 2 years,2,0,0.733333333,0.6,0.666666667,0.76,0.8,0.712,277,1999,13.31147541
272,272,209,Manager of Engineering,Xiong,Israel,580,Engineering,Full Stack,"Mountain View, CA",45 - 54,M,asian,Full time,2 to less than 4 years,3,1,0.8,0.733333333,0.733333333,0.8,0.866666667,0.786666667,278,1967,37.86885246
273,273,58,Chief Engineer,Leon,David,209,Engineering,Full Stack,"Mountain View, CA",55 - 64,M,white,Full time,4 to less than 6 years,4,2,0.933333333,0.733333333,1,0.92,1,0.917333333,279,1964,60.06557377
274,274,293,Engineer,Lee,Tiffany,209,Engineering,Full Stack,"Mountain View, CA",25 - 34,F,asian,Full time,2 to less than 4 years,3,0,0.666666667,0.733333333,0.933333333,0.72,0.866666667,0.784,280,1992,25.50819672
275,275,79,Engineer,Holmes,Randy,209,Engineering,Full Stack,"Mountain View, CA",45 - 54,M,white,Full time,4 to less than 6 years,4,0,0.866666667,0.666666667,0.933333333,0.88,1,0.869333333,281,1969,54.6557377
276,276,661,Engineer,Perry,John,209,Engineering,Full Stack,"Mountain View, CA",35 - 44,M,african_american,Full time,6 months to less than 1 year,1,0,0.733333333,0.8,0.533333333,0.72,0.933333333,0.744,282,1980,7.213114754
277,277,216,Engineer,Lu,Christopher,209,Engineering,Full Stack,"Mountain View, CA",35 - 44,M,asian,Full time,2 to less than 4 years,3,0,0.733333333,0.8,0.666666667,0.84,0.866666667,0.781333333,283,1979,36.95081967
278,278,620,Engineer,Bennett,Jordan,209,Engineering,Full Stack,"Mountain View, CA",25 - 34,F,white,Full time,6 months to less than 1 year,1,0,0.8,0.6,0.8,0.84,0.933333333,0.794666667,284,1992,9.672131148
279,279,422,Senior Engineer,Young,William,209,Engineering,Full Stack,"Mountain View, CA",25 - 34,M,white,Full time,1 to less than 2 years,2,1,0.933333333,0.6,0.933333333,0.84,0.933333333,0.848,285,1993,19.3442623
280,280,332,Chief Engineer,Barrett,Travis,209,Engineering,Full Stack,"Mountain View, CA",35 - 44,M,white,Full time,1 to less than 2 years,2,2,0.866666667,0.733333333,0.933333333,0.88,0.933333333,0.869333333,286,1979,23.37704918
281,281,375,Senior Engineer,Simon,Andrea,209,Engineering,Full Stack,"Mountain View, CA",35 - 44,F,white,Full time,1 to less than 2 years,2,1,0.733333333,0.666666667,0.8,0.84,0.866666667,0.781333333,287,1981,21.08196721
282,282,177,Engineer,Li,Keith,209,Engineering,Full Stack,"Mountain View, CA",35 - 44,M,asian,Part time,2 to less than 4 years,3,0,0.866666667,0.533333333,0.733333333,0.84,0.8,0.754666667,288,1982,40.81967213
283,283,329,Manager of Engineering,George,Thomas,580,Engineering,Full Stack,"Mountain View, CA",25 - 34,M,asian,Full time,1 to less than 2 years,2,1,0.866666667,0.733333333,0.666666667,0.84,0.8,0.781333333,289,1987,23.73770492
284,284,121,Engineer,Yang,Andrew,329,Engineering,Full Stack,"Mountain View, CA",45 - 54,M,asian,Part time,2 to less than 4 years,3,0,0.8,0.6,0.8,0.88,0.866666667,0.789333333,290,1976,47.80327869
285,285,227,Engineer,Li,Daniel,329,Engineering,Full Stack,"Mountain View, CA",35 - 44,M,asian,Full time,2 to less than 4 years,3,0,0.733333333,0.666666667,0.733333333,0.76,0.8,0.738666667,291,1977,35.3442623
286,286,607,Chief Engineer,David,Joseph,329,Engineering,Full Stack,"Mountain View, CA",25 - 34,M,asian,Full time,6 months to less than 1 year,1,2,0.8,0.733333333,0.733333333,0.8,0.866666667,0.786666667,292,1996,11.21311475
287,287,348,Senior Engineer,Bender,Hilda,329,Engineering,Full Stack,"Mountain View, CA",35 - 44,F,white,Full time,1 to less than 2 years,2,1,0.8,0.733333333,0.866666667,0.8,0.933333333,0.826666667,293,1982,22.2295082
288,288,24,Senior Engineer,Martin,Jane,329,Engineering,Full Stack,"Mountain View, CA",55 - 64,F,white,Full time,4 to less than 6 years,4,1,0.933333333,0.866666667,0.933333333,0.92,1,0.930666667,294,1960,67.27868852
289,289,61,Engineer,David,Zachary,329,Engineering,Full Stack,"Mountain View, CA",25 - 34,M,asian,Full time,4 to less than 6 years,4,0,1,0.8,0.8,0.84,0.933333333,0.874666667,295,1988,59.54098361
290,290,461,Engineer,Norman,Jacob,329,Engineering,Full Stack,"Mountain View, CA",35 - 44,M,white,Part time,1 to less than 2 years,2,0,0.733333333,0.466666667,0.933333333,0.84,1,0.794666667,296,1986,17.70491803
291,291,336,Engineer,David,Daniela,329,Engineering,Full Stack,"Mountain View, CA",25 - 34,F,asian,Full time,1 to less than 2 years,2,0,0.666666667,0.666666667,0.8,0.8,0.8,0.746666667,297,1996,23.14754098
292,292,196,Engineer,Jones,Andrew,329,Engineering,Full Stack,"Mountain View, CA",25 - 34,M,white,Part time,2 to less than 4 years,3,0,0.8,0.666666667,0.933333333,0.84,1,0.848,298,1994,39.24590164
293,293,273,Engineer,Sanders,Amanda,329,Engineering,Full Stack,"Mountain View, CA",35 - 44,F,white,Full time,2 to less than 4 years,3,0,0.733333333,0.533333333,0.866666667,0.84,0.866666667,0.768,299,1977,27.70491803
294,294,236,Treasurer,Lee,Daniel,183,Loan Operations,Finance,"Mountain View, CA",55 - 64,M,asian,Part time,2 to less than 4 years,3,0,0.733333333,0.533333333,0.8,0.76,0.733333333,0.712,300,1965,34.78688525
295,295,278,Financial Analyst,Yang,Julie,236,Loan Operations,Finance,"Mountain View, CA",55 - 64,F,asian,Full time,2 to less than 4 years,3,0,0.733333333,0.6,0.666666667,0.8,0.8,0.72,301,1959,27.44262295
296,296,376,Financial Analyst,Brooks,Ryan,236,Loan Operations,Finance,"Mountain View, CA",25 - 34,M,white,Full time,1 to less than 2 years,2,0,0.733333333,0.533333333,0.666666667,0.84,0.8,0.714666667,302,1991,21.08196721
297,297,396,Financial Analyst,Oconnor,Eric,236,Loan Operations,Finance,"Mountain View, CA",45 - 54,M,white,Full time,1 to less than 2 years,2,0,0.866666667,0.666666667,0.733333333,0.8,0.733333333,0.76,303,1972,20.16393443
298,298,505,Financial Analyst,Campbell,Kala,236,Loan Operations,Finance,"Mountain View, CA",35 - 44,F,mixed_race,Full time,1 to less than 2 years,2,0,0.666666667,0.533333333,0.466666667,0.68,0.733333333,0.616,304,1984,15.70491803
299,299,359,Financial Analyst,Reynolds,Mike,236,Loan Operations,Finance,"Mountain View, CA",55 - 64,M,white,Part time,1 to less than 2 years,2,0,0.866666667,0.6,0.866666667,0.8,0.933333333,0.813333333,305,1960,21.70491803
300,300,721,Financial Analyst,Johnson,Sondra,236,Loan Operations,Finance,"Mountain View, CA",55 - 64,F,white,Full time,less than 6 months,0,0,0.8,0.533333333,0.733333333,0.84,0.866666667,0.754666667,306,1957,3.180327869
301,301,666,Senior Financial Analyst,Vaughn,Jackson,236,Loan Operations,Finance,"Mountain View, CA",18 - 24,M,white,Full time,6 months to less than 1 year,1,1,0.733333333,0.6,0.733333333,0.88,0.8,0.749333333,307,1999,6.393442623
302,302,234,Controller,Ponce,Tyrone,183,Loan Operations,Finance,"Mountain View, CA",55 - 64,M,mixed_race,Full time,2 to less than 4 years,3,0,0.8,0.666666667,0.666666667,0.72,0.733333333,0.717333333,308,1961,34.85245902
303,303,449,Accountant,Diaz,Daniel,234,Loan Operations,Finance,"Mountain View, CA",45 - 54,M,hispanic,Part time,1 to less than 2 years,2,0,0.733333333,0.6,0.6,0.64,0.6,0.634666667,309,1975,18.19672131
304,304,232,Accountant,George,Aristeo,234,Loan Operations,Finance,"Mountain View, CA",18 - 24,M,white,Part time,2 to less than 4 years,3,0,0.8,0.733333333,0.866666667,0.84,1,0.848,310,1999,35.04918033
305,305,270,Accountant,Hawkins,Nicole,234,Loan Operations,Finance,"Mountain View, CA",25 - 34,F,mixed_race,Full time,2 to less than 4 years,3,0,0.666666667,0.6,0.6,0.68,0.6,0.629333333,311,1987,28.19672131
306,306,327,Accountant,Leonard,Melinda,234,Loan Operations,Finance,"Mountain View, CA",25 - 34,F,white,Part time,1 to less than 2 years,2,0,0.666666667,0.466666667,0.666666667,0.8,0.866666667,0.693333333,312,1992,23.7704918
307,307,96,Accountant,Bell,Chad,234,Loan Operations,Finance,"Mountain View, CA",35 - 44,M,white,Part time,4 to less than 6 years,4,0,0.8,0.6,0.933333333,0.84,1,0.834666667,313,1979,51.3442623
308,308,751,Manager of Underwriting,Xiong,Blake,531,Finance & Admin,Underwriting,"Mountain View, CA",25 - 34,M,asian,Part time,less than 6 months,0,1,0.866666667,0.6,0.666666667,0.84,0.933333333,0.781333333,314,1989,0.983606557
309,309,468,Senior Underwriter,Dean,Clara,751,Finance & Admin,Underwriting,"Mountain View, CA",25 - 34,F,white,Part time,1 to less than 2 years,2,1,0.733333333,0.6,0.866666667,0.84,0.933333333,0.794666667,315,1996,17.44262295
310,310,141,Underwriter,Delacruz,Brooke,751,Finance & Admin,Underwriting,"Mountain View, CA",35 - 44,F,asian,Full time,2 to less than 4 years,3,0,0.666666667,0.733333333,0.8,0.76,0.733333333,0.738666667,316,1977,46.09836066
311,311,281,Underwriter,Palmer,Mont,751,Finance & Admin,Underwriting,"Mountain View, CA",55 - 64,M,white,Part time,2 to less than 4 years,3,0,0.8,0.6,0.666666667,0.88,0.933333333,0.776,317,1957,27.08196721
312,312,431,Underwriter,Conway,Kathryn,751,Finance & Admin,Underwriting,"Mountain View, CA",25 - 34,F,white,Full time,1 to less than 2 years,2,0,0.666666667,0.733333333,0.933333333,0.84,0.866666667,0.808,318,1993,18.98360656
313,313,476,Senior Underwriter,Flores,Tamika,751,Finance & Admin,Underwriting,"Mountain View, CA",25 - 34,F,hispanic,Full time,1 to less than 2 years,2,1,0.733333333,0.6,0.733333333,0.64,0.666666667,0.674666667,319,1988,17.24590164
314,314,95,Underwriter,Tucker,Mitchell,751,Finance & Admin,Underwriting,"Mountain View, CA",25 - 34,M,white,Full time,4 to less than 6 years,4,0,0.8,0.666666667,0.866666667,0.84,1,0.834666667,320,1987,51.37704918
315,315,331,Underwriter,Phelps,Kathy,751,Finance & Admin,Underwriting,"Mountain View, CA",45 - 54,F,mixed_race,Full time,1 to less than 2 years,2,0,0.666666667,0.666666667,0.8,0.68,0.666666667,0.696,321,1974,23.54098361
316,316,44,Manager of Underwriting,Lee,Tony,531,Finance & Admin,Underwriting,"Mountain View, CA",25 - 34,M,asian,Full time,4 to less than 6 years,4,1,0.866666667,0.866666667,0.933333333,0.92,0.933333333,0.904,322,1987,63.83606557
317,317,428,Underwriter,Scott,Devon,44,Finance & Admin,Underwriting,"Mountain View, CA",25 - 34,M,white,Full time,1 to less than 2 years,2,0,0.666666667,0.6,0.866666667,0.8,0.8,0.746666667,323,1992,19.04918033
318,318,636,Underwriter,Edwards,Steven,44,Finance & Admin,Underwriting,"Mountain View, CA",35 - 44,M,white,Full time,6 months to less than 1 year,1,0,0.733333333,0.666666667,0.866666667,0.84,0.866666667,0.794666667,324,1981,8.68852459
319,319,749,Underwriter,Thomas,Kimberly,44,Finance & Admin,Underwriting,"Mountain View, CA",55 - 64,F,white,Full time,less than 6 months,0,0,0.733333333,0.733333333,0.733333333,0.84,0.8,0.768,325,1958,1.37704918
320,320,276,Underwriter,Lee,Michael,44,Finance & Admin,Underwriting,"Mountain View, CA",45 - 54,M,asian,Full time,2 to less than 4 years,3,0,0.733333333,0.733333333,0.866666667,0.72,0.866666667,0.784,326,1970,27.50819672
321,321,641,Underwriter,Compton,Nestor,44,Finance & Admin,Underwriting,"Mountain View, CA",25 - 34,M,white,Full time,6 months to less than 1 year,1,0,0.6,0.533333333,0.866666667,0.8,0.933333333,0.746666667,327,1988,8.262295082
322,322,487,Underwriter,Skinner,Amy,44,Finance & Admin,Underwriting,"Mountain View, CA",45 - 54,F,white,Full time,1 to less than 2 years,2,0,0.8,0.6,0.733333333,0.8,0.8,0.746666667,328,1970,16.13114754
323,323,4,Senior Underwriter,Deleon,Josephine,44,Finance & Admin,Underwriting,"Mountain View, CA",25 - 34,F,asian,Full time,4 to less than 6 years,4,1,0.933333333,0.933333333,0.933333333,0.8,0.933333333,0.906666667,329,1995,71.57377049
324,324,337,Underwriter,Perez,Katy,44,Finance & Admin,Underwriting,"Mountain View, CA",25 - 34,F,hispanic,Full time,1 to less than 2 years,2,0,0.733333333,0.533333333,0.666666667,0.68,0.733333333,0.669333333,330,1993,23.08196721
325,325,175,Manager of Underwriting,Ortiz,Frankie,531,Finance & Admin,Underwriting,"Mountain View, CA",55 - 64,F,hispanic,Full time,2 to less than 4 years,3,1,0.8,0.533333333,0.6,0.76,0.733333333,0.685333333,331,1961,41.08196721
326,326,658,Senior Underwriter,Parker,Dana,175,Finance & Admin,Underwriting,"Mountain View, CA",35 - 44,F,white,Full time,6 months to less than 1 year,1,1,0.8,0.6,0.933333333,0.8,0.866666667,0.8,332,1979,7.37704918
327,327,208,Senior Underwriter,Hughes,Tyrese,175,Finance & Admin,Underwriting,"Mountain View, CA",18 - 24,M,white,Full time,2 to less than 4 years,3,1,0.8,0.8,0.933333333,0.88,0.8,0.842666667,333,2001,37.93442623
328,328,352,Senior Underwriter,Mitchell,Barbara,175,Finance & Admin,Underwriting,"Mountain View, CA",55 - 64,F,african_american,Full time,1 to less than 2 years,2,1,0.8,0.666666667,0.733333333,0.76,0.666666667,0.725333333,334,1957,22.13114754
329,329,693,Senior Underwriter,Solomon,Kathleen,175,Finance & Admin,Underwriting,"Mountain View, CA",25 - 34,F,white,Full time,less than 6 months,0,1,0.8,0.666666667,0.933333333,0.84,0.866666667,0.821333333,335,1995,5.278688525
330,330,690,Underwriter,Thompson,Connor,175,Finance & Admin,Underwriting,"Mountain View, CA",18 - 24,M,african_american,Full time,less than 6 months,0,0,0.666666667,0.666666667,0.733333333,0.72,0.733333333,0.704,336,1997,5.442622951
331,331,724,Underwriter,Williams,Catherine,175,Finance & Admin,Underwriting,"Mountain View, CA",55 - 64,F,mixed_race,Full time,less than 6 months,0,0,0.666666667,0.733333333,0.6,0.76,0.666666667,0.685333333,337,1958,2.426229508
332,332,266,Senior Underwriter,Campbell,Judith,175,Finance & Admin,Underwriting,"Mountain View, CA",35 - 44,F,african_american,Full time,2 to less than 4 years,3,1,0.733333333,0.666666667,0.733333333,0.68,0.733333333,0.709333333,338,1981,28.95081967
333,333,631,Underwriter,Taylor,Amy,175,Finance & Admin,Underwriting,"Mountain View, CA",35 - 44,F,white,Part time,6 months to less than 1 year,1,0,0.733333333,0.466666667,0.866666667,0.8,0.866666667,0.746666667,339,1979,8.786885246
334,334,165,Underwriter,Park,Emilie,175,Finance & Admin,Underwriting,"Mountain View, CA",45 - 54,F,asian,Full time,2 to less than 4 years,3,0,0.733333333,0.666666667,0.866666667,0.8,0.733333333,0.76,340,1976,42.75409836
335,335,436,Manager of HR,Bradley,Andrea,458,Finance & Admin,Human Resources,"Mountain View, CA",25 - 34,F,white,Part time,1 to less than 2 years,2,1,0.666666667,0.466666667,0.866666667,0.84,0.866666667,0.741333333,341,1991,18.6557377
336,336,442,HR Analyst,Hart,Kimberly,436,Finance & Admin,Human Resources,"Mountain View, CA",45 - 54,F,white,Full time,1 to less than 2 years,2,0,0.6,0.666666667,0.8,0.84,0.866666667,0.754666667,342,1976,18.59016393
337,337,568,HR Analyst,Edwards,Mark,436,Finance & Admin,Human Resources,"Mountain View, CA",25 - 34,M,mixed_race,Full time,1 to less than 2 years,2,0,0.733333333,0.666666667,0.6,0.64,0.666666667,0.661333333,343,1989,13.04918033
338,338,289,HR Analyst,Lee,Pooja,436,Finance & Admin,Human Resources,"Mountain View, CA",18 - 24,F,asian,Full time,2 to less than 4 years,3,0,0.8,0.6,0.733333333,0.64,0.8,0.714666667,344,1998,26.59016393
339,339,757,HR Analyst,Parker,Brianna,436,Finance & Admin,Human Resources,"Mountain View, CA",25 - 34,F,white,Full time,less than 6 months,0,0,0.733333333,0.6,0.866666667,0.88,0.866666667,0.789333333,345,1995,0.754098361
340,340,162,Manager of Recruitment,Brewer,Laura,458,Finance & Admin,Human Resources,"Mountain View, CA",55 - 64,F,white,Full time,2 to less than 4 years,3,1,0.8,0.533333333,1,0.84,0.933333333,0.821333333,346,1963,43.7704918
341,341,89,Recruiter,Robertson,Leann,162,Finance & Admin,Human Resources,"Mountain View, CA",35 - 44,F,white,Full time,4 to less than 6 years,4,0,0.933333333,0.8,0.866666667,0.92,1,0.904,347,1985,53.63934426
342,342,715,Recruiter,Davis,Corey,162,Finance & Admin,Human Resources,"Mountain View, CA",45 - 54,M,white,Part time,less than 6 months,0,0,0.733333333,0.6,0.866666667,0.84,1,0.808,348,1975,3.442622951
343,343,627,Recruiter,Daniels,Makenna,162,Finance & Admin,Human Resources,"Mountain View, CA",25 - 34,F,white,Full time,6 months to less than 1 year,1,0,0.733333333,0.666666667,0.733333333,0.8,0.933333333,0.773333333,349,1994,9.081967213
344,344,603,Senior Recruiter,Roberts,Ethan,162,Finance & Admin,Human Resources,"Mountain View, CA",18 - 24,M,white,Part time,6 months to less than 1 year,1,1,0.733333333,0.466666667,0.666666667,0.88,0.866666667,0.722666667,350,1998,11.44262295
345,345,132,Recruiter,Mccarthy,Laura,162,Finance & Admin,Human Resources,"Mountain View, CA",35 - 44,F,white,Full time,2 to less than 4 years,3,0,0.8,0.866666667,1,0.88,0.866666667,0.882666667,351,1982,46.81967213
346,346,498,Recruiter,Williams,Shauna,162,Finance & Admin,Human Resources,"Mountain View, CA",25 - 34,F,white,Full time,1 to less than 2 years,2,0,0.666666667,0.666666667,0.733333333,0.88,0.933333333,0.776,352,1991,15.86885246
347,347,573,Recruiter,Chen,Roni,162,Finance & Admin,Human Resources,"Mountain View, CA",55 - 64,F,asian,Full time,1 to less than 2 years,2,0,0.733333333,0.533333333,0.6,0.8,0.733333333,0.68,353,1963,12.81967213
348,348,218,Recruiter,Hill,Marlene,162,Finance & Admin,Human Resources,"Mountain View, CA",35 - 44,F,white,Full time,2 to less than 4 years,3,0,0.733333333,0.733333333,0.8,0.76,0.933333333,0.792,354,1984,35.86885246
349,349,624,Marketing Manager,Patel,Tina,547,Finance & Admin,Channel Marketing,"New York, NY",45 - 54,F,asian,Full time,6 months to less than 1 year,1,1,0.733333333,0.666666667,0.666666667,0.8,0.733333333,0.72,355,1967,9.245901639
350,350,545,Senior Marketing Analyst,Rogers,Hope,624,Finance & Admin,Channel Marketing,"New York, NY",35 - 44,F,mixed_race,Full time,1 to less than 2 years,2,1,0.6,0.6,0.866666667,0.64,0.6,0.661333333,356,1978,14.03278689
351,351,188,Marketing Analyst,Boyd,Mary,624,Finance & Admin,Channel Marketing,"New York, NY",25 - 34,F,african_american,Part time,2 to less than 4 years,3,0,0.733333333,0.6,0.6,0.76,0.733333333,0.685333333,357,1990,40.13114754
352,352,720,Senior Marketing Analyst,Brown,Yaneth,624,Finance & Admin,Channel Marketing,"New York, NY",18 - 24,F,white,Full time,less than 6 months,0,1,0.8,0.733333333,0.8,0.84,0.866666667,0.808,358,1998,3.37704918
353,353,313,Marketing Analyst,Mason,Tiffany,624,Finance & Admin,Channel Marketing,"New York, NY",35 - 44,F,african_american,Full time,2 to less than 4 years,3,0,0.733333333,0.666666667,0.6,0.64,0.333333333,0.594666667,359,1980,24.36065574
354,354,726,Senior Marketing Analyst,Johnson,Colin,624,Finance & Admin,Channel Marketing,"New York, NY",25 - 34,M,white,Full time,less than 6 months,0,1,0.8,0.666666667,0.8,0.92,0.866666667,0.810666667,360,1987,2.327868852
355,355,107,Marketing Analyst,Smith,Steven,624,Finance & Admin,Channel Marketing,"New York, NY",35 - 44,M,white,Full time,4 to less than 6 years,4,0,0.866666667,0.733333333,0.8,0.8,0.8,0.8,361,1983,49.24590164
356,356,66,Senior Marketing Analyst,Vo,Christa,624,Finance & Admin,Channel Marketing,"New York, NY",35 - 44,F,asian,Full time,4 to less than 6 years,4,1,0.866666667,0.733333333,0.866666667,0.84,0.866666667,0.834666667,362,1981,57.50819672
357,357,495,Marketing Manager,Romero,Melissa,547,Finance & Admin,Marketing,"New York, NY",35 - 44,F,hispanic,Full time,1 to less than 2 years,2,1,0.8,0.533333333,0.733333333,0.6,0.6,0.653333333,363,1983,15.96721311
358,358,169,Marketing Analyst,Cunningham,Lindsay,495,Finance & Admin,Marketing,"New York, NY",35 - 44,F,white,Full time,2 to less than 4 years,3,0,0.733333333,0.733333333,0.866666667,0.8,0.866666667,0.8,364,1985,41.93442623
359,359,135,Marketing Analyst,Morales,Sirena,495,Finance & Admin,Marketing,"New York, NY",25 - 34,F,hispanic,Full time,2 to less than 4 years,3,0,0.866666667,0.666666667,0.666666667,0.68,0.666666667,0.709333333,365,1995,46.6557377
360,360,108,Senior Marketing Analyst,Lee,Karla,495,Finance & Admin,Marketing,"New York, NY",25 - 34,F,asian,Full time,4 to less than 6 years,4,1,0.933333333,0.8,0.733333333,0.84,0.866666667,0.834666667,366,1992,49.21311475
361,361,713,Senior Marketing Analyst,Person,Rodney,495,Finance & Admin,Marketing,"New York, NY",45 - 54,M,hispanic,Full time,less than 6 months,0,1,0.666666667,0.733333333,0.6,0.72,0.666666667,0.677333333,367,1971,3.540983607
362,362,27,Marketing Analyst,Kim,Virginia,495,Finance & Admin,Marketing,"New York, NY",45 - 54,F,asian,Full time,4 to less than 6 years,4,0,0.866666667,0.933333333,0.8,0.84,0.933333333,0.874666667,368,1976,66.26229508
363,363,194,Senior Marketing Analyst,Gross,Ellen,495,Finance & Admin,Marketing,"New York, NY",35 - 44,F,white,Full time,2 to less than 4 years,3,1,0.8,0.666666667,0.8,0.84,0.866666667,0.794666667,369,1978,39.31147541
364,364,741,Marketing Analyst,Jones,James,495,Finance & Admin,Marketing,"New York, NY",18 - 24,M,white,Full time,less than 6 months,0,0,0.866666667,0.533333333,0.8,0.8,0.8,0.76,370,1997,1.639344262
365,365,369,Senior Marketing Analyst,Hartman,Dolores,495,Finance & Admin,Marketing,"New York, NY",55 - 64,F,white,Full time,1 to less than 2 years,2,1,0.8,0.666666667,0.733333333,0.76,0.866666667,0.765333333,371,1957,21.21311475
366,366,57,Manager of Compliance,Patel,Katherine,68,Engineering,Compliance,"Mountain View, CA",25 - 34,F,asian,Full time,4 to less than 6 years,4,1,1,0.933333333,0.866666667,0.84,0.866666667,0.901333333,372,1987,60.6557377
367,367,473,Compliance Analyst,Zavala,Daniel,57,Engineering,Compliance,"Mountain View, CA",45 - 54,M,hispanic,Full time,1 to less than 2 years,2,0,0.666666667,0.6,0.733333333,0.72,0.666666667,0.677333333,373,1974,17.3442623
368,368,483,Compliance Analyst,Beltran,Gordon,57,Engineering,Compliance,"Mountain View, CA",35 - 44,M,hispanic,Full time,1 to less than 2 years,2,0,0.733333333,0.666666667,0.6,0.68,0.6,0.656,374,1984,16.52459016
369,369,123,Compliance Analyst,Peterson,Kenneth,57,Engineering,Compliance,"Mountain View, CA",45 - 54,M,white,Full time,2 to less than 4 years,3,0,0.866666667,0.666666667,1,0.92,0.933333333,0.877333333,375,1972,47.44262295
370,370,760,Compliance Analyst,Garcia,Theodore,57,Engineering,Compliance,"Mountain View, CA",35 - 44,M,mixed_race,Full time,less than 6 months,0,0,0.8,0.6,0.6,0.76,0.733333333,0.698666667,376,1978,0.754098361
371,371,41,Manager of Compliance,Gregory,Gregory,68,Engineering,Compliance,"Mountain View, CA",35 - 44,M,white,Full time,4 to less than 6 years,4,1,0.933333333,0.733333333,1,0.92,1,0.917333333,377,1978,64.26229508
372,372,513,Compliance Analyst,Choi,Michael,41,Engineering,Compliance,"Mountain View, CA",35 - 44,M,asian,Full time,1 to less than 2 years,2,0,0.733333333,0.6,0.733333333,0.72,0.8,0.717333333,378,1979,15.47540984
373,373,115,Senior Compliance Analyst,Williams,Brandon,41,Engineering,Compliance,"Mountain View, CA",35 - 44,M,white,Full time,4 to less than 6 years,4,1,0.933333333,0.8,0.933333333,0.88,1,0.909333333,379,1983,48.6557377
374,374,604,Compliance Analyst,Chen,Christopher,41,Engineering,Compliance,"Mountain View, CA",25 - 34,M,asian,Full time,6 months to less than 1 year,1,0,0.866666667,0.733333333,0.8,0.8,0.933333333,0.826666667,380,1993,11.44262295
375,375,685,Loan Officer,Lucero,Irma,600,Loan Operations,VA Loans,"New York, NY",35 - 44,F,asian,Part time,less than 6 months,0,0,0.8,0.666666667,0.666666667,0.76,0.8,0.738666667,42,1985,5.540983607
376,376,470,Loan Officer,Hughes,Brian,600,Loan Operations,VA Loans,"New York, NY",35 - 44,M,asian,Part time,1 to less than 2 years,2,0,0.666666667,0.666666667,0.733333333,0.8,0.866666667,0.746666667,45,1980,17.3442623
377,377,237,Senior Loan Officer,Smith,Kristie,307,Loan Operations,South Lending,"Atlanta, GA",65+,F,white,Full time,2 to less than 4 years,3,1,0.733333333,0.6,0.733333333,0.76,0.733333333,0.712,81,1953,34.39344262
378,378,151,Loan Officer,Hill,Claribel,183,Loan Operations,Midwest Lending,"Chicago, IL",25 - 34,F,white,Full time,2 to less than 4 years,3,0,0.8,0.733333333,0.733333333,0.72,0.8,0.757333333,94,1992,45.37704918
379,379,7,Senior Underwriter,Bailey,Kristopher,458,Finance & Admin,Underwriting,"Mountain View, CA",25 - 34,M,asian,Full time,4 to less than 6 years,4,1,0.866666667,0.933333333,1,0.92,0.933333333,0.930666667,106,1988,70.91803279
380,380,190,Designer,Wheeler,Stephanie,85,Product,User Experience / User Interface,"New York, NY",35 - 44,F,hispanic,Full time,2 to less than 4 years,3,0,0.866666667,0.8,0.8,0.76,0.933333333,0.832,153,1981,39.96721311
